,training set Accuracy,training set Precittion,training set Recall,training set F1 score,development set Accuracy,development set Precittion,development set Recall,development set F1 score,test set Accuracy,test set Precittion,test set Recall,test set F1 score,training set True positive ratio,training set True negative ratio,training set False positive ratio,training set False negative ratio,development set True positive ratio,development set True negative ratio,development set False positive ratio,development set False negative ratio,test set True positive ratio,test set True negative ratio,test set False positive ratio,test set False negative ratio,test AUC score,whole AUC score
0,58.916317618750554,76.13143211407316,51.60386608768736,61.512773417932884,56.87280583310829,73.63344051446946,49.099485420240136,58.91432981733985,54.08219178082192,69.78776529338327,48.3982683982684,57.15746421267893,32.83129845824793,26.085019160502632,10.293200249532127,30.79048213171732,30.920874966243588,25.951930866864704,11.072103699702945,32.05509046718877,30.63013698630137,23.45205479452055,13.26027397260274,32.657534246575345,0.5809704723137559,0.6285989234618423
1,67.51626414758043,74.60563380281691,74.19806695615632,74.40129222557765,63.651093707804485,71.10445205479452,71.22641509433963,71.16538131962297,63.34246575342466,70.48903878583474,72.38095238095238,71.42246903032891,47.20613136084128,20.31013278673915,16.068086623295606,16.415649229123964,44.855522549284366,18.79557115852012,18.228463408047528,18.120442884147987,45.80821917808219,17.534246575342465,19.17808219178082,17.47945205479452,0.6130807003941332,0.6585812184676765
2,70.35023616433473,74.5681876772364,81.03375822944389,77.66664429079681,65.21739130434783,70.48665620094191,77.01543739279589,73.60655737704917,65.31506849315069,70.01533742331289,79.04761904761905,74.25782838552257,51.5551198645397,18.79511629979503,17.58310311023973,12.066660725425542,48.50121523089387,16.716176073453955,20.30785849311369,14.474750202538484,50.02739726027398,15.287671232876713,21.424657534246574,13.26027397260274,0.644861407249467,0.6821112055119255
3,65.27938686391586,82.67177110618577,57.473035439137135,67.8069740538754,59.33027275182285,77.31481481481481,50.128644939965696,60.82206035379812,59.01369863013699,76.1232349165597,51.341991341991346,61.32368148914167,36.56536850548079,28.714018358435077,7.6642010515996795,27.05641208448445,31.568998109640834,27.761274642182016,9.262759924385634,31.40696732379152,32.49315068493151,26.52054794520548,10.191780821917808,30.794520547945204,0.6458170188020935,0.6964165792052803
4,66.00124766063631,83.40032154340837,58.1313909511136,68.51011143210896,58.8711855252498,76.42064010450686,50.17152658662093,60.57468288894642,59.12328767123287,76.38709677419355,51.25541125541125,61.34715025906735,36.984226004812406,29.0170216558239,7.361197754210854,26.637554585152838,31.596003240615715,27.27518228463408,9.748852281933567,31.379962192816635,32.43835616438356,26.684931506849313,10.027397260273972,30.849315068493148,0.6537772178070684,0.7059054287661323
5,73.77239105249086,83.28045685279187,73.53971144417986,78.10756527560811,64.92033486362409,76.0990399191511,64.57975986277873,69.86778009742518,64.98630136986301,75.34381139489194,66.4069264069264,70.59364933271974,46.78727386150967,26.985117190981196,9.39310221905356,16.834506728455576,40.66972724817715,24.250607615446935,12.773426951120712,22.306238185255197,42.02739726027397,22.95890410958904,13.753424657534246,21.26027397260274,0.6723337856173678,0.7379356543023118
6,75.8488548257731,81.87706923852022,79.67502451323715,80.76103932983104,66.3786119362679,74.03803626713842,71.78387650085763,72.89353363814502,65.20547945205479,72.60869565217392,72.2943722943723,72.45119305856832,50.69066928081276,25.158185544960343,11.220033865074413,12.931111309152483,45.20658925195787,21.17202268431002,15.85201188225763,17.76937618147448,45.75342465753425,19.45205479452055,17.26027397260274,17.534246575342465,0.6572694966724818,0.7376664690428191
7,76.64201051599679,80.6346623270952,83.2889760470654,81.94032935988425,67.8368890089117,73.62318840579711,76.24356775300171,74.91046977038128,66.46575342465754,71.9838056680162,76.96969696969697,74.39330543933055,52.98992959629266,23.652080919704126,12.72613849033063,10.631850993672579,48.01512287334593,19.821766135565756,17.20226843100189,14.960842560086416,48.71232876712329,17.753424657534246,18.958904109589042,14.575342465753424,0.6589842992828068,0.7307174886100392
8,76.97174939844935,84.34625245061078,78.3443059251996,81.23456790123457,65.8115041857953,74.97656982193065,68.61063464837049,71.6524854455889,66.35616438356165,74.303683737646,71.6017316017316,72.92768959435625,49.84404242046163,27.127706977987703,9.250512432047055,13.777738169503609,43.20820955981636,22.603294625978936,14.420739940588712,19.767755873615986,45.31506849315068,21.04109589041096,15.67123287671233,17.972602739726025,0.6758525554047943,0.7516073652185533
9,78.39764726851439,85.10796723752793,80.0532287435215,82.50324815937635,66.89170942479072,75.18214936247723,70.79759862778731,72.92402826855124,66.08219178082192,73.71681415929203,72.12121212121212,72.91028446389495,50.93128954638624,27.466357722128155,8.911861687906605,12.690491043579003,44.585471239535515,22.306238185255197,14.71779638131245,18.39049419389684,45.64383561643835,20.43835616438356,16.273972602739725,17.643835616438356,0.6793745557924662,0.7575558307350054
10,78.6828268425274,81.0139814451849,86.84689732455526,83.829096809086,67.75587361598704,72.17459080280592,79.41680960548885,75.62270314414047,67.06849315068493,71.17737003058105,80.60606060606061,75.59886317498986,55.25354246502094,23.429284377506463,12.948935032528293,8.3682381249443,50.01350256548744,17.742371050499596,19.281663516068054,12.96246286794491,51.013698630136986,16.054794520547947,20.65753424657534,12.273972602739725,0.661752277573173,0.7517306841593743
11,79.15515551198645,82.441200324412,85.43213335201008,83.91002270069478,67.80988387793681,73.39901477832512,76.67238421955403,75.0,66.84931506849315,72.32142857142857,77.14285714285715,74.65437788018433,54.353444434542375,24.80171107744408,11.576508332590677,9.268336155422869,48.28517418309479,19.52470969484202,17.499324871725626,14.690791250337565,48.821917808219176,18.027397260273972,18.684931506849313,14.465753424657535,0.6640240356658267,0.7586485024867746
12,79.43142322431156,86.57077971233915,80.09525143577531,83.20721769499417,66.3786119362679,75.40906965871903,69.16809605488851,72.1538805636323,66.41095890410959,75.0,70.3896103896104,72.62170611880303,50.95802513144996,28.4733980928616,7.904821317173158,12.663755458515283,43.559276262489874,22.819335673778017,14.20469889278963,19.416689170942476,44.54794520547945,21.863013698630137,14.849315068493151,18.73972602739726,0.6818815015829941,0.767255199337725
13,71.21468674806167,87.26406101048619,64.11262081524023,73.91795865633075,60.68052930056711,77.58186397984886,52.83018867924528,62.857142857142854,60.16438356164383,76.68329177057358,53.246753246753244,62.85130301481859,40.789590945548525,30.425095802513148,5.953123607521611,22.83218964441672,33.2703213610586,27.410207939508506,9.61382662705914,29.70564407237375,33.6986301369863,26.465753424657535,10.246575342465754,29.589041095890412,0.6618743942624539,0.7353717238790625
14,79.68095535157295,85.50343416630133,81.95825745902788,83.69331998283506,67.29678638941398,75.35052012663954,71.44082332761577,73.34360554699538,66.02739726027397,74.16440831074978,71.08225108225108,72.59062776304155,52.143302735941546,27.5376526156314,8.840566794403351,11.478477854023705,44.99054820415879,22.306238185255197,14.71779638131245,17.985417229273562,44.986301369863014,21.04109589041096,15.67123287671233,18.301369863013697,0.6727957614524778,0.7673674367111087
15,78.70956242759112,87.60291323622546,77.50385208012327,82.24451876625791,64.51525789900082,75.73306370070779,64.23670668953689,69.51276102088167,63.50684931506849,74.62235649546828,64.15584415584415,68.99441340782123,49.30933071918724,29.400231708403883,6.9779877016308705,14.312449870778005,40.45368620037807,24.06157169862274,12.96246286794491,22.52227923305428,40.6027397260274,22.904109589041095,13.808219178082194,22.684931506849317,0.6711449247270143,0.7698464801760289
16,81.12467694501382,87.78028592927014,81.70612130550498,84.63435867672663,67.02673507966513,75.92160522631825,69.76843910806176,72.71508379888267,67.5068493150685,75.68555758683729,71.68831168831169,73.63272565584704,51.98288922555921,29.14178771945459,7.2364316905801624,11.638891364406025,43.937348096138265,23.089386983526868,13.934647583040777,19.038617337294088,45.369863013698634,22.136986301369863,14.575342465753424,17.917808219178085,0.6786593008981069,0.7745398390649013
17,81.82871401835844,84.20064377682404,87.93948732315451,86.02946214457006,68.86308398595733,73.76058041112455,78.47341337907375,76.04404737170164,69.64383561643835,73.45823575331772,81.47186147186147,77.25779967159278,55.94866767667766,25.880046341680778,10.49817306835398,7.673112913287586,49.41938968403996,19.443694301917365,17.580340264650285,13.556575749392385,51.56164383561644,18.08219178082192,18.63013698630137,11.726027397260275,0.69587000064612,0.7822484294375737
18,81.40094465733891,89.30905695611578,80.38941028155205,84.61481754515296,66.18957601944369,76.54867256637168,66.76672384219555,71.32386623912048,65.86301369863014,76.23274161735701,66.92640692640693,71.27708621484555,51.145174226895996,30.25577043044292,6.122448979591836,12.476606363069246,42.0469889278963,24.142587091547394,12.881447475020256,20.928976505536053,42.35616438356165,23.506849315068493,13.205479452054794,20.931506849315067,0.6830251340699101,0.7766320497558382
19,83.30808305855093,87.33692569483834,86.27258719708642,86.80149390458742,67.6208479611126,75.0996898537882,72.68439108061749,73.8723033340597,67.45205479452055,74.49781659388647,73.85281385281385,74.17391304347825,54.88815613581677,28.419926922734156,7.958292487300597,8.73362445414847,45.77369700243047,21.84715095868215,15.1768836078855,17.20226843100189,46.73972602739726,20.712328767123285,16.0,16.547945205479454,0.6828603734573884,0.7825612185900195
20,83.91408965332859,87.64822134387352,86.97296540131671,87.3092877733249,68.32298136645963,75.49494060712715,73.58490566037736,74.52768729641694,68.76712328767123,75.15047291487532,75.67099567099567,75.40983606557376,55.333749220212106,28.58034043311648,7.797878976918278,8.288031369753142,46.340804752903054,21.982176613556575,15.041857953011073,16.6351606805293,47.89041095890411,20.876712328767123,15.835616438356166,15.397260273972602,0.6917464624927312,0.7882459013032261
21,81.00882274307104,90.03837543971858,78.87659336041463,84.0887030538341,65.91952470969484,77.98117154811716,63.93653516295026,70.26390197926484,64.98630136986301,76.5979381443299,64.32900432900432,69.92941176470588,50.182693164602085,30.82612957846894,5.552089831565814,13.439087425363159,40.26465028355388,25.654874426140967,11.36916014042668,22.711315149878477,40.71232876712329,24.273972602739725,12.438356164383562,22.575342465753426,0.6861329715061059,0.7868708647578767
22,80.53649407361198,90.14746394425539,77.92407900266144,83.59128474830955,64.70429381582501,77.18832891246684,62.39279588336192,69.00640265591652,66.13698630136986,77.93964620187305,64.84848484848484,70.79395085066163,49.57668656982443,30.95980750378754,5.418411906247215,14.045094020140809,39.292465568458006,25.411828247367,11.612206319200649,23.683499864974344,41.04109589041096,25.095890410958905,11.616438356164384,22.246575342465754,0.6860056858564321,0.7840308557561395
23,84.4844488013546,88.82336018411968,86.49670822244012,87.64459584131716,68.5660275452336,76.497277676951,72.29845626072041,74.33862433862434,67.3972602739726,74.822695035461,73.07359307359307,73.9378011388524,55.03074592282328,29.453702878531324,6.924516531503431,8.591034667141965,45.530650823656494,23.0353767215771,13.988657844990549,17.44531460977586,46.24657534246575,21.15068493150685,15.561643835616437,17.041095890410958,0.6790818634102216,0.7941745014578024
24,81.6593886462882,90.83748593473719,79.15674464210673,84.59580838323355,66.83769916284093,78.02030456852792,65.9090909090909,71.45513714551373,64.87671232876713,76.5495867768595,64.15584415584415,69.80687706076307,50.36093039836022,31.29845824792799,5.079761162106764,13.260850191605025,41.50688630839859,25.330812854442343,11.693221712125304,21.46907912503376,40.6027397260274,24.273972602739725,12.438356164383562,22.684931506849317,0.6640518188279382,0.769672833090169
25,83.63782194100348,85.78755567552976,89.03207732175375,87.37970855100357,69.75425330812854,74.25940752602081,79.54545454545455,76.81159420289853,68.71232876712328,73.66288492706646,78.70129870129871,76.09878610297196,56.643792888334374,26.994029052669106,9.384190357365654,6.9779877016308705,50.0945179584121,19.659735349716446,17.3642992168512,12.881447475020256,49.80821917808219,18.904109589041095,17.80821917808219,13.479452054794521,0.6765025521741941,0.7886950659728282
26,84.85874699224668,87.42432581177766,89.00406219358453,88.20712153814118,68.5660275452336,74.82993197278913,75.47169811320755,75.14944491887276,67.89041095890411,74.37874892887746,75.15151515151514,74.76313522825151,56.625969164958555,28.232777827288118,8.145441582746637,6.995811425006685,47.529030515798006,21.036997029435593,15.987037537132053,15.44693491763435,47.561643835616444,20.328767123287673,16.383561643835616,15.726027397260273,0.6846572333139498,0.7876048610609674
27,78.91453524641298,90.91376650094291,74.28211234066396,81.76071538698734,63.2460167431812,78.30903790087463,57.59005145797599,66.37015072893502,63.013698630136986,77.02702702702703,59.22077922077922,66.96035242290749,47.25960253096872,31.654932715444257,4.7232866945905,16.362178058996523,36.26789089927086,26.978125843910345,10.045908722657305,26.70807453416149,37.47945205479452,25.53424657534247,11.178082191780822,25.808219178082194,0.6690954319312528,0.7804154290584642
28,84.44880135460298,89.94372037914692,85.06793668581034,87.43790943776546,67.21577099648933,75.87962962962963,70.28301886792453,72.97417631344612,67.2876712328767,75.04488330341114,72.38095238095238,73.68884971353019,54.121736030656805,30.327065323946172,6.051154086088584,9.500044559308439,44.26140966783689,22.954361328652446,14.069673237915204,18.714555765595463,45.80821917808219,21.47945205479452,15.232876712328766,17.47945205479452,0.6801641144924727,0.7939966584386413
29,86.57873629801266,89.6969696969697,89.1441378344306,89.41969931150766,69.51120712935457,75.58485750744364,76.20068610634648,75.89152252829382,68.54794520547945,74.55621301775149,76.36363636363637,75.44910179640719,56.715087781837624,29.86364851617503,6.514570893859728,6.906692808127618,47.98811774237105,21.523089386983525,15.500945179584122,14.987847691061301,48.32876712328767,20.21917808219178,16.493150684931507,14.95890410958904,0.6872384829101248,0.8044929239196756
30,86.3737634791908,89.66346153846155,88.82196386048466,89.24072901273662,69.61922765325413,76.02414833980163,75.60034305317325,75.81165340786929,68.76712328767123,74.8936170212766,76.19047619047619,75.53648068669528,56.51011496301578,29.86364851617503,6.514570893859728,7.111665626949469,47.61004590872266,22.00918174453146,15.014852822036188,15.365919524709696,48.21917808219178,20.54794520547945,16.164383561643834,15.068493150684931,0.6905886153647347,0.8079892122401123
31,85.01916050262899,88.78624218305856,87.50525283653172,88.14109347442681,68.89008911693222,74.89451476793249,76.11492281303602,75.49978732454275,68.32876712328768,74.38715131022823,76.19047619047619,75.27801539777586,55.67239996435255,29.346760538276445,7.03145887175831,7.949380625612691,47.934107480421275,20.955981636510938,16.068052930056712,15.041857953011073,48.21917808219178,20.10958904109589,16.602739726027398,15.068493150684931,0.6866679589067649,0.8031153513706824
32,85.1439265662597,90.17621145374449,86.02045104356353,88.04932253208115,68.24196597353497,76.48945921173235,71.56946826758147,73.94771821001329,67.56164383561644,75.89696412143513,71.42857142857143,73.5950044603033,54.72774262543445,30.416183940825235,5.962035469209518,8.89403796453079,45.07156359708345,23.170402376451527,13.853632190116121,17.904401836348907,45.20547945205479,22.356164383561644,14.356164383561643,18.08219178082192,0.695826064482781,0.804252118846414
33,86.41832278763033,90.25089605734767,88.1776159125928,89.20221057106419,68.0259249257359,75.76301615798923,72.38421955403086,74.03508771929823,66.35616438356165,74.47963800904978,71.25541125541126,72.83185840707965,56.10016932537207,30.31815346225827,6.060065947776491,7.521611264593174,45.584661085606264,22.441263840129626,14.582770726438024,17.391304347826086,45.09589041095891,21.26027397260274,15.452054794520548,18.191780821917806,0.6808890611875686,0.8078665234577724
34,86.35593975581499,90.86272223841446,87.33716206751646,89.0650667809442,68.24196597353497,76.29663330300272,71.91252144082333,74.03973509933775,67.56164383561644,75.38322813345356,72.38095238095238,73.85159010600705,55.56545762409767,30.79048213171732,5.58773727831744,8.05632296586757,45.28760464488253,22.954361328652446,14.069673237915204,17.688360788549826,45.80821917808219,21.753424657534246,14.95890410958904,17.47945205479452,0.6947192608386639,0.8055492923950415
35,86.81044470189822,88.81876800658527,90.68496988373722,89.74216800665373,68.94409937888199,74.50248756218906,77.05831903945112,75.75885328836425,68.93150684931507,74.33774834437085,77.74891774891775,76.00507829030892,57.695392567507355,29.115052134390872,7.263167275643882,5.926388022457892,48.528220361868755,20.415879017013232,16.608155549554414,14.447745071563597,49.205479452054796,19.726027397260275,16.986301369863014,14.082191780821917,0.6926859210441298,0.810085918573872
36,86.27573300062383,87.50167448091092,91.49740860064435,89.45494385099971,70.34836618957601,75.14262428687857,79.073756432247,77.05808608441288,68.71232876712328,73.739837398374,78.52813852813853,76.0587002096436,58.21228054540594,28.063452455217895,8.31476695481686,5.409500044559309,49.79746151768836,20.55090467188766,16.47312989467999,13.178503915743992,49.698630136986296,19.013698630136986,17.698630136986303,13.589041095890412,0.6811707695289786,0.8016444385178808
37,87.22930220122984,89.98038116591928,89.94256898725311,89.9614711033275,69.07912503375641,75.28760119301235,75.77186963979416,75.52895917931181,67.2876712328767,73.84615384615385,74.8051948051948,74.32258064516128,57.223063898048295,30.006238303181537,6.371981106853222,6.398716691916942,47.718066432622194,21.361058601134218,15.662975965433432,15.257899000810154,47.342465753424655,19.945205479452056,16.767123287671232,15.945205479452055,0.6877508561090651,0.8088568559352276
38,87.26494964798147,91.3408630176658,88.35971424569267,89.82556069775721,69.02511477180664,76.345042240996,73.62778730703259,74.96179873390089,67.34246575342466,75.29411764705883,72.03463203463204,73.62831858407081,56.21602352731485,31.048926120666607,5.329293289368149,7.405757062650388,46.36780988387794,22.657304887928706,14.366729678638942,16.608155549554414,45.58904109589041,21.753424657534246,14.95890410958904,17.698630136986303,0.6924998384699877,0.8157522882668272
39,86.6322074681401,87.27032385988103,92.47793808656675,89.7986942328618,69.4571968674048,73.70706671930517,80.06003430531733,76.75231243576567,69.64383561643835,73.71744277821625,80.86580086580086,77.12634186622627,58.8361108635594,27.796096604580693,8.582122805454059,4.785669726405846,50.41857953011072,19.038617337294088,17.985417229273562,12.55738590332163,51.178082191780824,18.465753424657535,18.246575342465754,12.10958904109589,0.6873431543580797,0.802080362174519
40,88.09375278495678,88.9934148635936,92.75808936825885,90.83676268861454,69.80826357007831,74.24121405750799,79.71698113207547,76.88172043010752,68.82191780821918,73.44000000000001,79.48051948051949,76.34095634095635,59.01434809731752,29.079404687639247,7.298814722395508,4.607432492647714,50.202538482311645,19.605725087766675,17.41830947880097,12.773426951120712,50.301369863013704,18.52054794520548,18.191780821917806,12.986301369863012,0.6876500613814047,0.812688719016606
41,87.96007485963818,89.68732857926494,91.6094691133212,90.63820941029726,69.61922765325413,75.0935550935551,77.4442538593482,76.25079164027866,68.43835616438356,73.5174654752234,78.35497835497836,75.85917854149203,58.28357543890918,29.67649942072899,6.701719989305765,5.338205151056056,48.77126654064272,20.847961112611397,16.176073453956253,14.20469889278963,49.589041095890416,18.84931506849315,17.863013698630137,13.698630136986301,0.6850752729857207,0.8168215826759166
42,86.4896176811336,92.20837712055247,86.03445860764813,89.01449275362319,67.72886848501216,77.63733592610598,68.4819897084048,72.77284119389383,66.9041095890411,76.41418983700862,69.00432900432901,72.52047315741584,54.73665448712236,31.75296319401123,4.625256216023527,8.885126102842884,43.127194166891705,24.60167431812044,12.422360248447205,19.848771266540645,43.67123287671233,23.232876712328768,13.479452054794521,19.616438356164384,0.6961310331459586,0.8115622646223588
43,85.73210943766153,91.6015625,85.40411822384087,88.3943457774556,67.59384283013773,77.29026036644166,68.73927958833619,72.76441216522923,67.3972602739726,76.26641651031895,70.3896103896104,73.21026564610537,54.33562071116656,31.396488726494965,4.981730683539792,9.28615987879868,43.28922495274102,24.304617877396705,12.719416689170943,19.68674048069133,44.54794520547945,22.84931506849315,13.863013698630136,18.73972602739726,0.685507527298572,0.8079319830912186
44,87.7105427323768,90.56338028169014,90.06863706401457,90.31533113280427,69.16014042668107,75.89208006962576,74.78559176672384,75.33477321814256,68.54794520547945,74.8502994011976,75.75757575757575,75.30120481927712,57.30327065323946,30.407272079137332,5.970947330897425,6.318509936725782,47.09694842019984,22.06319200648123,14.960842560086416,15.879017013232513,47.94520547945205,20.602739726027398,16.10958904109589,15.342465753424658,0.692648446081282,0.8204791454583756
45,88.26307815702701,91.60949113779301,89.77447821823785,90.68270251149629,69.13313529570618,76.86398553999096,72.94168096054888,74.85148514851485,68.10958904109589,75.69506726457399,73.07359307359307,74.36123348017621,57.11612155779342,31.146956599233576,5.2312628108011765,6.50565903217182,45.93572778827977,23.19740750742641,13.826627059141236,17.04023764515258,46.24657534246575,21.863013698630137,14.849315068493151,17.041095890410958,0.7070866446985851,0.823085865179468
46,88.7977898583014,89.77549364349473,92.98221039361255,91.3507190531893,70.86146367809883,74.91053677932406,80.78902229845626,77.73880750979987,69.69863013698631,73.73817034700315,80.95238095238095,77.1770532397854,59.15693788432404,29.640851973977362,6.737367436057393,4.4648427056412086,50.87766675668377,19.98379692141507,17.04023764515258,12.098298676748582,51.23287671232877,18.465753424657535,18.246575342465754,12.054794520547945,0.6871777476255088,0.8194725287635839
47,84.93004188574993,92.85714285714286,82.67264322734277,87.46943312337902,65.59546313799622,77.69633507853403,63.63636363636363,69.96699669966996,64.21917808219179,76.70212765957447,62.42424242424243,68.83054892601433,52.59780768202478,32.33223420372516,4.045985206309598,11.023972907940468,40.07561436672968,25.51984877126654,11.504185795301106,22.900351066702672,39.50684931506849,24.71232876712329,12.0,23.780821917808222,0.6840169283452866,0.8142619865134404
48,83.73585241957045,93.40084939562234,80.09525143577531,86.23784028353819,64.94733999459898,78.34429824561403,61.2778730703259,68.76804619826757,65.15068493150686,77.75401069518718,62.943722943722946,69.56937799043062,50.95802513144996,32.777827288120484,3.600392121914268,12.663755458515283,38.59033216311099,26.357007831487984,10.667026735079666,24.38563327032136,39.83561643835616,25.315068493150683,11.397260273972602,23.45205479452055,0.6786399172966338,0.7929533388547513
49,86.30246858568755,92.78948976474183,85.08194424989495,88.76872488125686,66.75668376991628,76.68444013572467,67.83876500857633,71.99089874857792,65.91780821917808,75.89893100097181,67.61904761904762,71.52014652014651,54.130647892344705,32.17182069334284,4.206398716691917,9.491132697620532,42.722117202268436,24.034566567647854,12.989467998919796,20.25384823116392,42.794520547945204,23.123287671232877,13.589041095890412,20.493150684931507,0.6833462557343154,0.8104346421294635
50,87.4610106051154,92.96851574212893,86.86090488863987,89.81099283076254,68.10694031866055,77.57546717776714,69.4253859348199,73.27449649241909,66.95890410958904,76.64092664092664,68.74458874458874,72.47832040164309,55.262454326708855,32.198556278406556,4.179663131628198,8.359326263256396,43.721307048339185,24.38563327032136,12.638401296246288,19.25465838509317,43.50684931506849,23.45205479452055,13.26027397260274,19.78082191780822,0.6872365445499775,0.8164644903083009
51,89.2077354959451,91.71122994652407,91.28729513937526,91.49877149877148,70.29435592762626,75.56016597510373,78.08747855917667,76.80303669337832,69.69863013698631,74.95854063018243,78.26839826839827,76.57772130453198,58.07860262008734,31.129132875857767,5.24908653417699,5.543177969877908,49.176343505266004,21.11801242236025,15.906022144207398,13.799621928166353,49.534246575342465,20.164383561643838,16.547945205479454,13.753424657534246,0.6922194223686762,0.827928517834361
52,89.48400320827021,91.87631763879128,91.56744642106737,91.72162200084188,69.75425330812854,75.52653748946925,76.88679245283019,76.20059498512538,69.42465753424656,74.81296758104739,77.92207792207793,76.33587786259542,58.25683985384546,31.227163354424743,5.151056055610017,5.364940736119776,48.420199837969214,21.334053470159333,15.689981096408317,14.555765595463138,49.31506849315068,20.10958904109589,16.602739726027398,13.972602739726028,0.6928287135749822,0.8289417973023623
53,87.93333927457446,92.76948099955641,87.88345706681608,90.26039418788663,68.3769916284094,76.76348547717843,71.39794168096056,73.98355920906465,67.12328767123287,75.62326869806094,70.9090909090909,73.19034852546918,55.91302022992603,32.020319044648424,4.357900365386329,7.708760360039212,44.96354307318391,23.413448555225493,13.610586011342155,18.012422360248447,44.87671232876712,22.246575342465754,14.465753424657535,18.410958904109588,0.6937610648058409,0.8181642659626597
54,89.3503252829516,90.59000273149412,92.91217257318952,91.73639444021853,70.56440723737511,74.05112316034082,81.98970840480274,77.81847781847782,69.36986301369863,72.95839753466872,81.991341991342,77.21157766000816,59.112378575884506,30.237946707067103,6.14027270296765,4.509402014080742,51.633810423980556,18.930596813394544,18.093437753173102,11.342155009451796,51.89041095890411,17.47945205479452,19.232876712328768,11.397260273972602,0.6880958842152871,0.8278697056044051
55,89.68897602709205,91.64578111946533,92.19778680487464,91.92095524055583,70.13232514177695,75.41459369817579,78.00171526586621,76.68634064080945,68.93150684931507,74.25742574257426,77.92207792207793,76.04562737642586,58.65787362980126,31.031102397290795,5.347117012743962,4.963906960163978,49.12233324331623,21.009991898460708,16.01404266810694,13.853632190116121,49.31506849315068,19.616438356164384,17.095890410958905,13.972602739726028,0.6955857078245138,0.8280313182002464
56,89.52856251670974,90.81576786203121,92.94018770135874,91.8656974731741,70.72643802322442,75.20193861066235,79.84562607204117,77.45424292845259,69.2054794520548,73.58790771678599,80.08658008658008,76.69983416252073,59.13020229926032,30.398360217449426,5.979859192585331,4.491578290704928,50.2835538752363,20.44288414798812,16.58115041857953,12.692411558196056,50.68493150684932,18.52054794520548,18.191780821917806,12.602739726027398,0.6890637720488466,0.8267246538501039
57,88.50369842260048,88.24375572119786,94.52304244291918,91.2755309076153,70.51039697542532,73.55623100303951,83.01886792452831,78.00161160354553,70.73972602739727,73.57630979498862,83.8961038961039,78.39805825242718,60.13724266999376,28.36645575260672,8.011763657428036,3.4845379199714825,52.281933567377806,18.228463408047528,18.79557115852012,10.69403186605455,53.0958904109589,17.643835616438356,19.068493150684933,10.191780821917808,0.6832570911675389,0.8167767030962821
58,88.73540682648606,91.50770100324996,90.71298501190643,91.10861001688238,69.4571968674048,75.26293647454774,76.71526586620926,75.98216181779571,70.08219178082193,75.43859649122807,78.18181818181819,76.78571428571429,57.71321629088316,31.02219053560289,5.3560288744318685,5.908564299082078,48.312179314069674,21.145017553335133,15.879017013232513,14.66378611936268,49.47945205479452,20.602739726027398,16.10958904109589,13.808219178082194,0.690399302190347,0.8248797726781665
59,88.47696283753676,92.74641708101784,88.83597142456927,90.74908778707876,68.0259249257359,76.64809656453112,70.79759862778731,73.60677663843066,67.34246575342466,75.80794090489381,71.08225108225108,73.36907953529936,56.51902682470368,31.957936012833084,4.4202833972016755,7.102753765261563,44.585471239535515,23.440453686200378,13.583580880367268,18.39049419389684,44.986301369863014,22.356164383561644,14.356164383561643,18.301369863013697,0.6877515022291141,0.8179459775278108
60,88.61955262454326,92.34325339497255,89.53634962879956,90.91814237963159,69.18714555765595,76.76404494382022,73.2418524871355,74.9615975422427,67.06849315068493,74.73214285714286,72.46753246753246,73.58241758241759,56.964619909099014,31.654932715444257,4.7232866945905,6.657160680866232,46.12476370510397,23.062381852551987,13.961652714015663,16.851201728328384,45.86301369863014,21.205479452054796,15.506849315068493,17.424657534246577,0.6917613232538606,0.8226263566889432
61,81.35638534889938,93.44121191254949,76.03305785123968,83.84306456595613,63.32703213610586,78.95362663495838,56.946826758147516,66.1684105630294,63.178082191780824,78.51239669421489,57.57575757575758,66.43356643356644,48.373585241957045,32.98280010694234,3.395419303092416,15.248195348008197,35.86281393464758,27.46421820145828,9.55981636510937,27.11315149878477,36.43835616438356,26.73972602739726,9.972602739726028,26.84931506849315,0.684688893196356,0.8020402164683527
62,89.885036984226,91.9156660150796,92.21179436895925,92.06349206349206,69.72724817715365,75.8650149508757,76.15780445969125,76.01112775518938,68.87671232876713,75.27993109388458,75.67099567099567,75.47495682210707,58.66678549148917,31.218251492736833,5.159967917297924,4.954995098476072,47.96111261139617,21.766135565757494,15.257899000810154,15.014852822036188,47.89041095890411,20.986301369863014,15.726027397260273,15.397260273972602,0.7020029721522258,0.8294228541389992
63,89.59985741021299,90.30777537796976,93.71060372601204,91.9777273664673,70.59141236834998,73.64016736401673,83.01886792452831,78.04878048780489,70.08219178082193,73.08567096285064,83.46320346320346,77.93047696038803,59.62035469209518,29.979502718117818,6.398716691916942,4.001425897870066,52.281933567377806,18.309478800972183,18.714555765595463,10.69403186605455,52.821917808219176,17.26027397260274,19.45205479452055,10.465753424657533,0.7010764360018091,0.834869321576605
64,88.41457980572142,93.2454451192416,88.1776159125928,90.64074874010079,68.48501215230894,77.38598965679361,70.58319039451115,73.8282126037228,67.94520547945206,76.78571428571429,70.73593073593074,73.63677332131591,56.10016932537207,32.314410480349345,4.063808929685411,7.521611264593174,44.45044558466108,24.034566567647854,12.989467998919796,18.525519848771268,44.76712328767123,23.17808219178082,13.534246575342465,18.52054794520548,0.6974458874458874,0.8235855808550353
65,85.4469298636485,93.76788553259141,82.61661297100434,87.8397497952193,65.83850931677019,78.27239003709592,63.33619210977701,70.01659160938611,65.58904109589041,78.2422293676313,63.20346320346321,69.92337164750958,52.56216023527315,32.884769628375366,3.4934497816593884,11.059620354692095,39.88657844990548,25.951930866864704,11.072103699702945,23.089386983526868,40.0,25.589041095890412,11.123287671232877,23.28767123287671,0.6883976222782193,0.8061303292541175
66,89.33250155957579,90.94542447629547,92.43591539431293,91.68461271274748,69.75425330812854,75.12437810945273,77.70154373927959,76.39123102866779,69.26027397260273,74.54545454545455,78.0952380952381,76.27906976744187,58.80937527849568,30.523126281080117,5.855093128954639,4.812405311469567,48.93329732649203,20.82095598163651,16.203078584931138,14.042668106940317,49.42465753424658,19.835616438356166,16.876712328767123,13.863013698630136,0.6883207339923758,0.8239312688911138
67,87.7105427323768,92.62877442273535,87.65933604146238,90.0755667506297,67.10775047258979,77.01260911736179,68.09605488850772,72.28038233955392,68.38356164383562,77.26415094339623,70.9090909090909,73.95033860045147,55.770430442919526,31.940112289457268,4.438107120577488,7.851350147045717,42.884147988117746,24.22360248447205,12.800432082095597,20.09181744531461,44.87671232876712,23.506849315068493,13.205479452054794,18.410958904109588,0.6972966337145441,0.8249268885519232
68,88.86017289011676,92.84155390659102,89.3822664238689,91.07907507850415,69.1061301647313,76.56529516994634,73.41337907375643,74.95621716287216,69.15068493150685,76.66666666666667,73.67965367965368,75.14348785871964,56.86658943053203,31.993583459584706,4.384635950450049,6.755191159433206,46.23278422900351,22.873345935727787,14.15068863083986,16.743181204428844,46.630136986301366,22.52054794520548,14.191780821917806,16.65753424657534,0.6935103702267882,0.821299611800858
69,88.92255592193209,88.55610776876799,94.84521641686511,91.5928305715252,70.69943289224952,72.8471967753756,85.24871355060034,78.5615491009682,70.24657534246576,72.5,85.36796536796537,78.40954274353876,60.34221548881561,28.58034043311648,7.797878976918278,3.27956510114963,53.68620037807184,17.01323251417769,20.010802052389952,9.289765055360519,54.02739726027397,16.21917808219178,20.493150684931507,9.26027397260274,0.6906008916456677,0.8286852536367906
70,88.46805097584885,92.88334556126192,88.667880655554,90.72667335531031,68.43100189035917,76.2765476728423,72.38421955403086,74.27942794279427,68.6027397260274,76.3586956521739,72.98701298701299,74.6347941567065,56.4120844844488,32.05596649140005,4.322252918634703,7.209696105516443,45.584661085606264,22.846340804752906,14.177693761814744,17.391304347826086,46.19178082191781,22.41095890410959,14.301369863013699,17.095890410958905,0.6921037668798862,0.8223748081820639
71,89.42162017645487,92.03389830508475,91.27328757529067,91.65201490962797,69.16014042668107,75.82465277777779,74.91423670668954,75.36669542709234,67.89041095890411,74.71763683753258,74.45887445887446,74.58803122289679,58.06969075839943,31.35192941805543,5.026289991979324,5.552089831565814,47.1779638131245,21.982176613556575,15.041857953011073,15.798001620307858,47.12328767123288,20.767123287671232,15.945205479452055,16.164383561643834,0.6842915293661562,0.8207628474175137
72,89.2077354959451,93.28271028037383,89.48031937246112,91.34196039179237,69.05211990278153,76.61579892280072,73.19897084048027,74.86842105263159,68.82191780821918,76.3963963963964,73.41991341991341,74.878587196468,56.92897246234738,32.27876303359772,4.099456376437038,6.69280812761786,46.09775857412908,22.954361328652446,14.069673237915204,16.87820685930327,46.465753424657535,22.356164383561644,14.356164383561643,16.821917808219176,0.6959417199715707,0.8220593754379409
73,90.00980304785669,90.67315490673154,93.96273987953495,92.28864277361215,70.26735079665136,73.3409177095184,82.93310463121783,77.84262427047696,69.69863013698631,72.83763277693474,83.11688311688312,77.63849575414477,59.780768202477496,30.2290348453792,6.149184564655556,3.841012387487746,52.227923305428035,18.039427491223332,18.984607075344314,10.74804212800432,52.602739726027394,17.095890410958905,19.616438356164384,10.684931506849315,0.6837623570459391,0.8329658740902164
74,88.95820336868371,93.82055852644088,88.47177475836952,91.06769519140651,68.13394544963543,77.5598086124402,69.51114922813036,73.3152419719584,67.3972602739726,76.92307692307693,69.26406926406926,72.89293849658314,56.28731842081811,32.67088494786561,3.707334462169147,7.334462169147135,43.775317310288955,24.358628139346475,12.665406427221171,19.200648123143395,43.83561643835616,23.56164383561644,13.150684931506849,19.45205479452055,0.6869199457259159,0.8218910693294521
75,89.42162017645487,92.22474460839955,91.04916654993697,91.63318531049552,69.1061301647313,74.64730290456431,77.14408233276157,75.87515816111346,68.82191780821918,74.13509060955519,77.92207792207793,75.98142676234698,57.92710097139292,31.494519205061938,4.883700204972819,5.694679618572319,48.582230623818525,20.523899540912772,16.500135025654874,14.393734809613825,49.31506849315068,19.506849315068493,17.205479452054796,13.972602739726028,0.6891425986948374,0.8270729854778595
76,90.86534176989574,93.04421289777527,92.56198347107438,92.80247173653535,68.78206859303268,74.76832350463353,76.11492281303602,75.43561410964725,69.86301369863014,75.10373443983403,78.35497835497836,76.69491525423729,58.889582033686835,31.975759736208893,4.402459673825862,4.732198556278407,47.934107480421275,20.847961112611397,16.176073453956253,15.041857953011073,49.589041095890416,20.273972602739725,16.43835616438356,13.698630136986301,0.6938134005298184,0.8336028797812236
77,90.6960163978255,92.48571030252334,92.92618013727413,92.7054220234768,70.42938158250067,74.88933601609658,79.80274442538592,77.26800913431596,70.24657534246576,74.48,80.60606060606061,77.42203742203742,59.121290437572405,31.574725960253097,4.8034934497816595,4.500490152392835,50.25654874426141,20.172832838239266,16.851201728328384,12.719416689170943,51.013698630136986,19.232876712328768,17.47945205479452,12.273972602739725,0.7028409898559153,0.8381415655024074
78,91.02575528027805,92.94117647058823,92.95419526544335,92.94768541214371,69.26816095058061,75.51282051282051,75.77186963979416,75.64212328767123,68.87671232876713,74.89397794741306,76.45021645021644,75.66409597257926,59.139114160948225,31.886641119329827,4.491578290704928,4.482666429017022,47.718066432622194,21.550094517958414,15.473940048609236,15.257899000810154,48.38356164383561,20.493150684931507,16.21917808219178,14.904109589041095,0.6972507591910576,0.8338206302759059
79,90.42866054718831,91.12979791129798,94.11682308446561,92.59922822491731,70.32136105860114,73.55750859763087,82.54716981132076,77.7934936350778,69.97260273972603,73.0098559514784,83.37662337662337,77.8496362166532,59.878798681044465,30.549861866143836,5.828357543890919,3.7429819089207736,51.98487712665406,18.336483931947072,18.687550634620578,10.991088306778288,52.76712328767124,17.205479452054796,19.506849315068493,10.52054794520548,0.6870750145377011,0.8350247248059488
80,88.62846448623117,87.83068783068782,95.3354811598263,91.4293390650188,69.78125843910344,71.52999645012424,86.4065180102916,78.26762478151097,70.13698630136986,71.7546362339515,87.0995670995671,78.68596010950331,60.654130647892345,27.97433383833883,8.403885571695929,2.967649942072899,54.41533891439373,15.365919524709696,21.658115041857954,8.560626519038617,55.12328767123288,15.013698630136988,21.698630136986303,8.164383561643836,0.6819441752277573,0.828186160434845
81,90.1345691114874,92.40719910011248,92.05771116402858,92.23212406146936,69.34917634350526,75.22123893805309,76.54373927958834,75.87672688629118,69.2054794520548,74.81171548117155,77.40259740259741,76.08510638297872,58.5687550129222,31.56581409856519,4.812405311469567,5.053025577043044,48.20415879017013,21.145017553335133,15.879017013232513,14.77180664326222,48.986301369863014,20.21917808219178,16.493150684931507,14.301369863013699,0.6852904309620728,0.831204081619479
82,90.33954193030924,91.77590727197462,93.16430872671242,92.46489642708188,69.94328922495274,75.68478718921196,77.01543739279589,76.3443145589798,68.98630136986301,74.35897435897436,77.83549783549783,76.0575296108291,59.272792086266826,31.06674984404242,5.311469565992335,4.348988503698423,48.50121523089387,21.442073994058873,15.581960572508777,14.474750202538484,49.26027397260274,19.726027397260275,16.986301369863014,14.027397260273972,0.6927951153324288,0.831063348786971
83,90.94554852508689,92.59774593015166,93.22033898305084,92.90799944157476,69.8622738320281,76.52705061082024,75.21440823327616,75.86505190311419,68.71232876712328,75.12908777969018,75.58441558441558,75.35606387570132,59.30843953301844,31.63710899206844,4.741110417966313,4.313341056946796,47.36699972994869,22.495274102079396,14.528760464488252,15.608965703483662,47.83561643835617,20.876712328767123,15.835616438356166,15.452054794520548,0.6963397299218195,0.8337558699646763
84,89.90286070760182,90.6800325115145,93.76663398235047,92.19750705874252,70.10532001080205,74.66774063632703,79.50257289879931,77.00934579439253,70.52054794520548,74.42596991290577,81.38528138528139,77.75020678246484,59.65600213884681,30.246858568755012,6.131360841279744,3.965778451118439,50.06751282743721,20.03780718336484,16.98622738320281,12.908452605995139,51.50684931506849,19.013698630136986,17.698630136986303,11.78082191780822,0.6942430703624733,0.8297906361462162
85,90.9633722484627,91.83171697855485,94.17285334080402,92.98755186721992,69.59222252227923,74.81481481481481,77.95883361921098,76.35447291054179,68.65753424657535,74.64074387151311,76.45021645021644,75.53464499572283,59.9144461277961,31.048926120666607,5.329293289368149,3.707334462169147,49.09532811234135,20.496894409937887,16.52714015662976,13.880637321091008,48.38356164383561,20.273972602739725,16.43835616438356,14.904109589041095,0.6910828972023002,0.8312650609798213
86,90.63363336601016,91.85918591859186,93.57052808516599,92.7069599611408,69.80826357007831,75.39748953974895,77.27272727272727,76.32359169843286,68.71232876712328,74.82993197278913,76.19047619047619,75.5040755040755,59.53123607521611,31.10239729079405,5.2758221192407095,4.090544514749131,48.66324601674318,21.145017553335133,15.879017013232513,14.312719416689172,48.21917808219178,20.493150684931507,16.21917808219178,15.068493150684931,0.6910486528396977,0.8345621500564729
87,86.83718028696194,93.48694316436253,85.25003501891021,89.17869440984686,67.08074534161491,78.61182519280206,65.56603773584906,71.49871405190554,67.2876712328767,78.29614604462475,66.83982683982684,72.11583372255956,54.23759023259959,32.59959005436235,3.7786293556724,9.384190357365654,41.29084526059951,25.789900081015393,11.234134485552255,21.68512017283284,42.3013698630137,24.986301369863014,11.726027397260275,20.986301369863014,0.7041991341991342,0.8298262016761047
88,88.96711523037163,93.60130042855032,88.72391091189242,91.09736804257156,68.45800702133405,77.55681818181817,70.2401372212693,73.7173717371737,67.17808219178082,76.22641509433963,69.95670995670996,72.95711060948081,56.44773193120043,32.519383299171196,3.8588361108635594,7.174048658764816,44.234404536862,24.22360248447205,12.800432082095597,18.74156089657035,44.273972602739725,22.904109589041095,13.808219178082194,19.013698630136986,0.6862253666731278,0.8272348824135033
89,89.93850815435344,91.13057760744594,93.26236167530466,92.18414676358601,70.15933027275182,74.20118343195267,80.66037735849056,77.29607561125951,69.97260273972603,73.87883556254917,81.2987012987013,77.41137675185492,59.33517511808216,30.60333303627128,5.774886373763479,4.286605471883076,50.79665136375912,19.36267890899271,17.66135565757494,12.179314069673238,51.45205479452055,18.52054794520548,18.191780821917806,11.835616438356164,0.6896846934160367,0.835572639920466
90,90.82969432314411,91.86078377637709,93.90670962319653,92.87248043222276,71.32055090467189,74.78532396565184,82.16123499142367,78.29995913363302,69.75342465753425,73.53629976580797,81.55844155844156,77.33990147783251,59.745120755725864,31.084573567418232,5.293645842616523,3.8766598342393723,51.741830947880096,19.57871995679179,17.44531460977586,11.234134485552255,51.61643835616439,18.136986301369863,18.575342465753426,11.67123287671233,0.6900038767202947,0.840601758006909
91,91.17725692897245,92.54185692541856,93.68258859784284,93.10872894333843,69.80826357007831,75.39748953974895,77.27272727272727,76.32359169843286,68.98630136986301,74.64435146443515,77.22943722943722,75.91489361702128,59.60253096871937,31.574725960253097,4.8034934497816595,4.019249621245878,48.66324601674318,21.145017553335133,15.879017013232513,14.312719416689172,48.87671232876713,20.10958904109589,16.602739726027398,14.410958904109588,0.6837306971635331,0.836374239932811
92,91.44461277960966,92.60791614949662,94.06079282812719,93.32870048644891,70.80745341614907,75.1103974307507,80.23156089193824,77.5865643790172,69.42465753424656,73.78486055776892,80.17316017316017,76.84647302904564,59.84315123429285,31.601461545316816,4.77675786471794,3.7786293556724,50.52660005401026,20.280853362138807,16.743181204428844,12.44936537942209,50.73972602739726,18.684931506849313,18.027397260273972,12.547945205479452,0.6906971635329844,0.8450161488101117
93,91.43570091792176,92.37311385459533,94.3269365457347,93.3398017880657,70.96948420199838,74.61809635722679,81.68953687821612,77.99385875127943,70.52054794520548,74.34885556432518,81.55844155844156,77.7869529314616,60.01247660636307,31.423224311558684,4.954995098476072,3.6093039836021745,51.44477450715635,19.52470969484202,17.499324871725626,11.531190926275993,51.61643835616439,18.904109589041095,17.80821917808219,11.67123287671233,0.6878904180396719,0.8423763534536174
94,90.77622315301667,91.47866268007611,94.28491385348087,92.86059184658896,70.69943289224952,74.81098288897732,80.61749571183533,77.60577915376675,70.35616438356165,74.2879746835443,81.2987012987013,77.63538652335676,59.985741021299354,30.79048213171732,5.58773727831744,3.636039568665894,50.769646232784226,19.9297866594653,17.09424790710235,12.206319200648123,51.45205479452055,18.904109589041095,17.80821917808219,11.835616438356164,0.694997738579828,0.8371743567672674
95,90.78513501470458,93.80111924235902,91.56744642106737,92.6708250637936,68.45800702133405,76.7709291628335,71.56946826758147,74.07900577008432,68.6027397260274,76.94444444444444,71.94805194805195,74.36241610738256,58.25683985384546,32.5282951608591,3.8499242491756527,5.364940736119776,45.07156359708345,23.386443424250608,13.63759114231704,17.904401836348907,45.534246575342465,23.068493150684933,13.643835616438357,17.753424657534246,0.7013200232603218,0.8384789231507592
96,90.49995544069156,91.31854674105321,94.00476257178877,92.64218663721701,70.29435592762626,74.6203037569944,80.06003430531733,77.24451799751759,70.63013698630137,74.4277821625888,81.64502164502164,77.86952931461602,59.807503787541215,30.692451653150343,5.685767756884413,3.8142768024240263,50.41857953011072,19.875776397515526,17.14825816905212,12.55738590332163,51.671232876712324,18.958904109589042,17.753424657534246,11.616438356164384,0.6993344963494217,0.8371030566405808
97,91.0970501737813,91.78007621121394,94.46701218658076,93.10416235245393,70.32136105860114,75.25604260548955,78.77358490566037,76.97464906767232,70.46575342465754,74.91909385113269,80.17316017316017,77.45713090757006,60.101595223242136,30.99545495053917,5.382764459495588,3.520185366723108,49.608425600864166,20.712935457736968,16.31109910883068,13.367539832568188,50.73972602739726,19.726027397260275,16.986301369863014,12.547945205479452,0.6996465723331394,0.836902620134412
98,91.04357900365386,92.152281473337,93.92071718728113,93.02809573361081,70.15933027275182,75.25730753396459,78.3876500857633,76.7905902121403,69.97260273972603,74.69487388120423,79.48051948051949,77.01342281879194,59.75403261741378,31.289546386240087,5.088673023794671,3.8677479725514665,49.3653794220902,20.793950850661624,16.230083715906023,13.610586011342155,50.301369863013704,19.67123287671233,17.041095890410958,12.986301369863012,0.6972817729534148,0.8379626773423505
99,90.88316549327155,92.79317100475791,92.8841574450203,92.83864193209659,69.21415068863084,75.93559617058312,74.82847341337907,75.37796976241901,69.86301369863014,75.92116538131962,76.7099567099567,76.31352282515073,59.094554852508686,31.788610640762855,4.5896087692719005,4.527225737456555,47.12395355117472,22.090197137456116,14.933837429111533,15.85201188225763,48.54794520547945,21.315068493150687,15.397260273972602,14.73972602739726,0.7069832654907281,0.8388873888043094
100,90.64254522769806,91.38235693896969,94.17285334080402,92.75662251655628,70.02430461787739,73.94200626959247,80.91766723842196,77.27272727272727,69.80821917808218,73.08868501529052,82.77056277056278,77.6289078359724,59.9144461277961,30.728099099901968,5.650120310132787,3.707334462169147,50.95868214960843,19.065622468268973,17.958412098298677,12.017283283823927,52.38356164383562,17.424657534246577,19.28767123287671,10.904109589041095,0.6903017380629322,0.8374127795340756
101,90.09000980304785,89.71925662317122,95.34948872391091,92.44873013717235,70.4023764515258,72.55474452554745,85.24871355060034,78.39116719242902,69.80821917808218,71.91582002902757,85.8008658008658,78.24713778128701,60.66304250958026,29.426967293467605,6.951252116567151,2.9587380803849923,53.68620037807184,16.716176073453955,20.30785849311369,9.289765055360519,54.30136986301369,15.506849315068493,21.205479452054796,8.986301369863012,0.6807753440589261,0.8370090861782914
102,91.25746368416362,91.64187178793617,94.91525423728814,93.24984517993533,69.91628409397785,73.65967365967366,81.30360205831903,77.29311047696697,70.02739726027397,73.6024844720497,82.07792207792208,77.6094965206713,60.38677479725515,30.870688886908475,5.507530523126281,3.2350057927100972,51.20172832838239,18.714555765595463,18.309478800972183,11.77423710504996,51.94520547945205,18.08219178082192,18.63013698630137,11.342465753424658,0.6855960457452994,0.8377486693742578
103,91.48026022636128,91.89592085648461,94.98529205771116,93.41507094641136,70.15933027275182,74.5105872952457,79.97427101200685,77.14581178903825,70.08219178082193,73.99527186761229,81.2987012987013,77.47524752475248,60.43133410569468,31.048926120666607,5.329293289368149,3.190446484270564,50.36456926816095,19.79476100459087,17.229273561976775,12.611396165271401,51.45205479452055,18.63013698630137,18.08219178082192,11.835616438356164,0.6934380047812883,0.8392402852386236
104,91.81891097050173,92.82665565193446,94.43899705841154,93.62588529370922,69.80826357007831,74.65475223395613,78.81646655231562,76.67918231122238,70.30136986301369,74.61847389558233,80.43290043290044,77.41666666666667,60.08377149986632,31.735139470635414,4.64307993939934,3.538009090098922,49.63543073183905,20.172832838239266,16.851201728328384,13.340534701593304,50.90410958904109,19.397260273972602,17.315068493150683,12.383561643835616,0.6997376752600633,0.843065477861933
105,91.17725692897245,91.11943292764477,95.43353410841856,93.22660098522168,70.05130974885229,73.47408829174664,82.0754716981132,77.53696576868543,71.06849315068493,73.87661843107388,83.98268398268398,78.6061588330632,60.716513679707695,30.46074324926477,5.917476160769985,2.9052669102575526,51.68782068593033,18.363489062921957,18.660545503645693,11.288144747502026,53.15068493150685,17.917808219178085,18.794520547945208,10.136986301369863,0.6940350197066615,0.8379562835392245
106,90.21477586667855,93.71833839918946,90.69897744782183,92.18394077448747,68.5660275452336,76.83823529411765,71.69811320754717,74.17923691215617,68.43835616438356,76.93023255813954,71.6017316017316,74.17040358744394,57.70430442919526,32.51047143748329,3.8677479725514665,5.917476160769985,45.1525789900081,23.413448555225493,13.610586011342155,17.823386443424248,45.31506849315068,23.123287671232877,13.589041095890412,17.972602739726025,0.7047044000775343,0.8375499081674657
107,91.01684341859014,92.09117122065084,93.94873231545034,93.01067813063375,69.80826357007831,74.51534733441034,79.11663807890224,76.74708818635607,70.46575342465754,74.67948717948718,80.6926406926407,77.56970453599666,59.77185634078958,31.244987077800552,5.133232332234203,3.8499242491756527,49.82446664866325,19.98379692141507,17.04023764515258,13.151498784769105,51.06849315068494,19.397260273972602,17.315068493150683,12.219178082191782,0.6994643664792919,0.8366368546374086
108,90.44648427056413,94.22656363901444,90.53088667880655,92.34176310901557,68.70105320010802,77.60000000000001,70.71183533447685,73.99596140901953,67.56164383561644,76.4319248826291,70.47619047619048,73.33333333333334,57.597362088940386,32.84912218162374,3.5290972284110147,6.024418501024864,44.53146097758574,24.16959222252228,12.854442344045369,18.444504455846612,44.602739726027394,22.95890410958904,13.753424657534246,18.684931506849313,0.6955359565807328,0.8336850770387187
109,90.79404687639247,93.51482326111744,91.90362795909792,92.70222536206286,69.51120712935457,77.05802968960865,73.45626072041166,75.21405049396267,68.16438356164383,75.76301615798923,73.07359307359307,74.39400617011898,58.47072453435522,32.32332234203725,4.054897067997505,5.151056055610017,46.2597893599784,23.251417769376182,13.772616797191468,16.716176073453955,46.24657534246575,21.91780821917808,14.794520547945206,17.041095890410958,0.6988382761517091,0.8404576361513497
110,91.34658230104269,91.68694241686943,95.01330718588038,93.32049253628671,70.10532001080205,74.70754336425979,79.41680960548885,76.99023072126377,69.69863013698631,74.2741935483871,79.74025974025975,76.91022964509395,60.44915782907049,30.897424471972197,5.480794938062561,3.172622760894751,50.01350256548744,20.09181744531461,16.93221712125304,12.96246286794491,50.465753424657535,19.232876712328768,17.47945205479452,12.821917808219178,0.6855824772242683,0.8360689742578415
111,91.67632118349523,91.76201372997713,95.48956436475697,93.5886875343218,70.91547394004861,74.0145426712591,82.93310463121783,78.22042467138525,70.73972602739727,73.68421052631578,83.63636363636363,78.34549878345499,60.75216112645931,30.924160057035916,5.454059352998842,2.8696194635059262,52.227923305428035,18.687550634620578,18.336483931947072,10.74804212800432,52.93150684931507,17.80821917808219,18.904109589041095,10.356164383561643,0.694542223945209,0.8448556812583398
112,91.29311113091525,92.14774281805745,94.35495167390391,93.23828638660116,70.32136105860114,74.39651760981401,80.61749571183533,77.38217740275778,68.98630136986301,73.46613545816733,79.82683982683983,76.51452282157678,60.030300329738886,31.262810801176364,5.115408608858391,3.591480260226361,50.769646232784226,19.551714825816905,17.47231974075074,12.206319200648123,50.52054794520547,18.465753424657535,18.246575342465754,12.767123287671234,0.693435420301092,0.8379126104825357
113,90.37518937706088,93.35909546300272,91.37134052388289,92.3545235735523,68.07993518768566,75.90090090090091,72.25557461406518,74.03339191564147,67.45205479452055,75.56973564266181,71.77489177489178,73.6234458259325,58.132073790214775,32.243115586846095,4.135103823188664,5.489706799750468,45.50364569268161,22.57628949500405,14.447745071563597,17.47231974075074,45.42465753424658,22.027397260273972,14.684931506849317,17.863013698630137,0.6855592169025004,0.8364004837280937
114,90.75839942964086,91.11859838274933,94.70514077601905,92.87725805343773,70.69943289224952,73.30841121495327,84.0909090909091,78.33033752746155,69.86301369863014,72.93404094010614,83.29004329004329,77.76879547291834,60.25309687193655,30.505302557704304,5.872916852330452,3.3686837180286964,52.95706184174993,17.742371050499596,19.281663516068054,10.01890359168242,52.71232876712328,17.15068493150685,19.561643835616437,10.575342465753424,0.6905459714414939,0.8433335334470754
115,89.84938953747438,89.54653308726601,95.15338282672643,92.2648556876061,70.99648933297327,72.95620437956204,85.7204116638079,78.82492113564669,70.46575342465754,72.6470588235294,85.54112554112554,78.56858846918489,60.538276445949556,29.31111309152482,7.067106318509937,3.0835041440156847,53.98325681879557,17.01323251417769,20.010802052389952,8.992708614636781,54.13698630136986,16.328767123287673,20.383561643835616,9.150684931506849,0.6908095884215286,0.8382809534844982
116,91.46243650298548,92.96538301126095,93.66858103375823,93.31565727044375,68.94409937888199,75.8530183727034,74.35677530017153,75.0974447812906,69.47945205479452,75.82037996545769,76.01731601731602,75.91872027669693,59.59361910703146,31.868817395954014,4.509402014080742,4.028161482933785,46.826897110450986,22.117202268431,14.906832298136646,16.149068322981368,48.10958904109589,21.36986301369863,15.342465753424658,15.178082191780822,0.6939549008205725,0.8412862638146492
117,91.06140272702967,92.8371963138788,93.13629359854322,92.98650444024894,68.94409937888199,76.17360496014172,73.75643224699829,74.94553376906318,68.82191780821918,75.47826086956522,75.15151515151514,75.31453362255965,59.254968362891006,31.80643436413867,4.571785045896087,4.366812227074235,46.448825276802594,22.495274102079396,14.528760464488252,16.52714015662976,47.561643835616444,21.26027397260274,15.452054794520548,15.726027397260273,0.70041157847128,0.8386008895563035
118,91.97041261919615,92.86695986805937,94.64911051968062,93.74956642386402,69.78125843910344,75.92988456605387,76.15780445969125,76.04367373153501,69.53424657534246,75.06276150627616,77.66233766233766,76.3404255319149,60.217449425184924,31.75296319401123,4.625256216023527,3.4043311647803227,47.96111261139617,21.820145827707265,15.203888738860382,15.014852822036188,49.15068493150685,20.383561643835616,16.328767123287673,14.136986301369864,0.705280093041287,0.845157396528208
119,89.92959629266554,93.47417161047605,90.48886398655273,91.95729537366549,68.59303267620848,77.17340771734077,71.18353344768438,74.05755074726746,67.83561643835615,75.86520947176685,72.12121212121212,73.94584997780737,57.57062650387667,32.358969788788876,4.019249621245878,6.051154086088584,44.828517418309474,23.764515257899003,13.259519308668647,18.147448015122876,45.64383561643835,22.19178082191781,14.520547945205479,17.643835616438356,0.6946436647929185,0.8389258438413797
120,85.91034667141966,94.40715883668904,82.75668861185041,88.19885048891544,66.05455036456927,78.97574123989219,62.82161234991423,69.978504896107,64.65753424657534,76.84210526315789,63.20346320346321,69.35866983372921,52.65127885215222,33.25906781926744,3.1191515907673115,10.970501737813029,39.56251687820686,26.49203348636241,10.532001080205239,23.413448555225493,40.0,24.65753424657534,12.054794520547945,23.28767123287671,0.6822187762486269,0.8174088750106473
121,90.79404687639247,93.21913929784824,92.23980949712845,92.72688868548897,68.94409937888199,74.85281749369219,76.32933104631218,75.58386411889596,68.16438356164383,74.23986486486487,76.1038961038961,75.16032492518171,58.68460921486498,32.109437661527494,4.268781748507263,4.937171375100259,48.06913313529571,20.874966243586282,16.149068322981368,14.906832298136646,48.16438356164384,20.0,16.71232876712329,15.123287671232877,0.688020934289591,0.834087341010631
122,89.63550485696462,94.1098317094774,89.29822103936125,91.64091137784806,68.83607885498245,76.57942238267148,72.77015437392797,74.62620932277923,67.72602739726027,75.1779359430605,73.16017316017316,74.1553312856516,56.81311826040459,32.82238659656002,3.5558328134747343,6.808662329560645,45.82770726438023,23.008371590602213,14.015662975965434,17.14825816905212,46.3013698630137,21.424657534246574,15.287671232876713,16.986301369863014,0.6864108031272211,0.8293764222177404
123,91.39114160948222,94.11176218379306,92.23980949712845,93.16638370118845,69.05211990278153,76.05448154657294,74.22813036020584,75.13020833333333,68.76712328767123,75.59055118110236,74.8051948051948,75.19582245430809,58.68460921486498,32.70653239461724,3.6716870154175205,4.937171375100259,46.74588171752633,22.306238185255197,14.71779638131245,16.230083715906023,47.342465753424655,21.424657534246574,15.287671232876713,15.945205479452055,0.6981268979776443,0.8424265048468871
124,89.63550485696462,94.03183023872678,89.3822664238689,91.64811490125673,67.10775047258979,76.83044315992292,68.39622641509435,72.36842105263158,67.83561643835615,76.84310018903592,70.3896103896104,73.47492092182559,56.86658943053203,32.768915426432585,3.6093039836021745,6.755191159433206,43.073183904941935,24.034566567647854,12.989467998919796,19.90278152849041,44.54794520547945,23.28767123287671,13.424657534246576,18.73972602739726,0.6862531498352394,0.8322827976663479
125,90.24151145174227,94.3108504398827,90.09665219218378,92.15559853857725,67.40480691331354,76.82403433476395,69.08233276157804,72.74779860013548,68.05479452054794,77.23809523809524,70.21645021645023,73.56009070294785,57.32109437661528,32.920417075127,3.457802334907762,6.3006862133499695,43.505266000540104,23.899540912773425,13.12449365379422,19.47069943289225,44.43835616438356,23.616438356164384,13.095890410958905,18.84931506849315,0.6943858628933255,0.834003714369264
126,91.15943320559666,94.48545375597047,91.44137834430592,92.9384965831435,68.16095058061032,76.21646202819463,71.8696397941681,73.97925402780842,68.4931506849315,76.17328519855594,73.07359307359307,74.59125055236412,58.17663309865431,32.98280010694234,3.395419303092416,5.4451474913109355,45.26059951390764,22.900351066702672,14.123683499864976,17.715365919524707,46.24657534246575,22.246575342465754,14.465753424657535,17.041095890410958,0.6953220908444789,0.8399212252715438
127,91.9080295873808,93.45794392523365,93.8506793668581,93.65389991613084,70.02430461787739,75.47956630525438,77.61578044596914,76.53276955602537,68.98630136986301,74.35897435897436,77.83549783549783,76.0575296108291,59.709473308974246,32.198556278406556,4.179663131628198,3.9123072809909987,48.87928706454227,21.145017553335133,15.879017013232513,14.096678368890089,49.26027397260274,19.726027397260275,16.986301369863014,14.027397260273972,0.6937410350843187,0.8491671410530451
128,90.34845379199716,94.0628637951106,90.54489424289116,92.27035900364,69.24115581960572,77.15065999089667,72.68439108061749,74.85096047692647,69.2054794520548,76.59192825112108,73.93939393939394,75.24229074889868,57.606273950628285,32.74217984136886,3.636039568665894,6.015506639336957,45.77369700243047,23.467458817175263,13.556575749392385,17.20226843100189,46.794520547945204,22.41095890410959,14.301369863013699,16.493150684931507,0.6961743231892487,0.8369631153486041
129,90.71384012120132,93.06399208927814,92.28183218938226,92.67126178084119,69.70024304617878,76.48861646234676,74.91423670668954,75.69324090121317,69.64383561643835,75.88285960378983,76.27705627705627,76.07944732297064,58.711344799928696,32.00249532127261,4.3757240887621425,4.910435790036539,47.1779638131245,22.52227923305428,14.501755333513366,15.798001620307858,48.273972602739725,21.36986301369863,15.342465753424658,15.013698630136988,0.6982877818698714,0.8404714765833569
130,90.52669102575528,94.19551934826885,90.69897744782183,92.41418682651825,68.53902241425871,77.48469147432878,70.54030874785592,73.84960718294052,68.43835616438356,77.08138447146867,71.34199134199135,74.10071942446042,57.70430442919526,32.82238659656002,3.5558328134747343,5.917476160769985,44.423440453686204,24.115581960572506,12.908452605995139,18.552524979746153,45.15068493150685,23.28767123287671,13.424657534246576,18.136986301369863,0.6939374555792467,0.8387847190810358
131,88.33437305053026,94.31438127090301,86.90292758089369,90.45709703287892,67.40480691331354,77.94336810730253,67.28130360205832,72.22094361334868,65.86301369863014,76.07843137254902,67.18614718614718,71.35632183908045,55.289189911772574,33.045183138757686,3.33303627127707,8.332590678192675,42.37105049959492,25.033756413718606,11.990278152849042,20.604914933837428,42.52054794520548,23.34246575342466,13.36986301369863,20.767123287671232,0.6789067648769141,0.8273961491906661
132,86.65003119151591,94.53655455550292,83.86328617453425,88.88064133016627,66.02754523359438,77.85269709543569,64.36535162950257,70.46948356807512,65.97260273972603,77.41273100616016,65.28138528138528,70.83137623297323,53.35531592549684,33.29471526601907,3.0835041440156847,10.266464664468407,40.53470159330273,25.492843640291657,11.531190926275993,22.441263840129626,41.31506849315068,24.65753424657534,12.054794520547945,21.972602739726028,0.6815577954383925,0.8180819764868505
133,90.00089118616879,93.72184275541345,90.33478078162207,91.99714693295292,68.86308398595733,75.31129240017175,75.21440823327616,75.26281913752413,67.83561643835615,74.27350427350427,75.23809523809524,74.75268817204301,57.472596025309684,32.5282951608591,3.8499242491756527,6.149184564655556,47.36699972994869,21.49608425600864,15.527950310559005,15.608965703483662,47.61643835616438,20.21917808219178,16.493150684931507,15.67123287671233,0.6838050009691801,0.8309175055228779
134,91.12378575884502,92.80836236933798,93.27636923938927,93.04177728098365,69.59222252227923,74.63235294117648,78.34476843910807,76.44351464435147,68.6027397260274,73.39228295819936,79.04761904761905,76.11504793664027,59.34408697977007,31.77969877907495,4.598520630959808,4.27769361019517,49.33837429111531,20.25384823116392,16.77018633540373,13.63759114231704,50.02739726027398,18.575342465753426,18.136986301369863,13.26027397260274,0.6850281062221361,0.8446609084936418
135,89.69788788877997,93.36135671836499,90.22272026894524,91.76520871919077,68.64704293815825,76.31460674157303,72.81303602058318,74.52271231073072,68.10958904109589,75.46666666666667,73.50649350649351,74.47368421052633,57.401301131806434,32.29658675697353,4.081632653061225,6.220479458158809,45.854712395355115,22.792330542803132,14.231704023764516,17.121253038077235,46.52054794520548,21.58904109589041,15.123287671232877,16.767123287671232,0.6873567228791109,0.8365129362775445
136,90.97228411015061,91.03697749196141,95.18139795489564,93.0630692323495,70.7534431541993,74.10266306445388,82.3327615780446,78.00121876904328,69.36986301369863,73.28125,81.21212121212122,77.04312114989733,60.556100169325376,30.416183940825235,5.962035469209518,3.065680420639872,51.84985147177964,18.90359168241966,18.120442884147987,11.126113961652715,51.3972602739726,17.972602739726025,18.73972602739726,11.890410958904111,0.6827653938101699,0.8419236306940544
137,91.40005347117012,93.2110862262038,93.27636923938927,93.24371630609815,70.48339184445045,75.50432276657061,78.64493996569468,77.04263810123923,68.65753424657535,73.9917695473251,77.83549783549783,75.8649789029536,59.34408697977007,32.05596649140005,4.322252918634703,4.27769361019517,49.52741020793951,20.955981636510938,16.068052930056712,13.448555225492845,49.26027397260274,19.397260273972602,17.315068493150683,14.027397260273972,0.6814027266266072,0.8435069960963065
138,91.28419926922734,92.50724437698358,93.90670962319653,93.2017238982344,70.4023764515258,74.31156569630213,81.00343053173242,77.51333606893722,69.26027397260273,73.53407290015848,80.34632034632034,76.78940835746793,59.745120755725864,31.539078513501472,4.839140896533286,3.8766598342393723,51.01269241155819,19.389684039967594,17.634350526600056,11.963273021874157,50.84931506849315,18.410958904109588,18.301369863013697,12.438356164383562,0.6852212961168185,0.8426575885728476
139,91.91694144906872,93.41042073000835,93.92071718728113,93.66487392610183,70.94247907102348,74.62745098039215,81.60377358490565,77.95985251945923,71.01369863013699,74.52978056426332,82.33766233766234,78.23940765117236,59.75403261741378,32.16290883165493,4.215310578379824,3.8677479725514665,51.39076424520659,19.551714825816905,17.47231974075074,11.585201188225764,52.109589041095894,18.904109589041095,17.80821917808219,11.178082191780822,0.6992756994249532,0.8508075895918599
140,91.42678905623384,91.19647859143657,95.76971564644909,93.4271658923203,71.86065352416959,73.78318584070797,85.80617495711836,79.34179222839018,70.63013698630137,73.07979120059656,84.84848484848484,78.52564102564102,60.93039836021745,30.496390696016395,5.881828714018359,2.691382229747794,54.037267080745345,17.823386443424248,19.200648123143395,8.93869835268701,53.6986301369863,16.931506849315067,19.78082191780822,9.58904109589041,0.6874071202429411,0.8483482347370467
141,90.78513501470458,90.0013104442406,96.20395013307186,92.99932295192959,71.64461247637051,72.97491039426524,87.30703259005146,79.50019523623584,71.06849315068493,72.66811279826464,87.01298701298701,79.19621749408982,61.20666607254256,29.57846894216202,6.799750467872738,2.4151145174226896,54.98244666486632,16.662165811504188,20.361868755063462,7.993518768566027,55.06849315068493,16.0,20.712328767123285,8.21917808219178,0.6883620856755186,0.8430479486973532
142,92.07735495945103,92.11590296495957,95.74170051827987,93.89381138814478,70.91547394004861,74.31228206121658,82.24699828473413,78.07856706696519,70.84931506849314,74.16602017067494,82.77056277056278,78.23240589198035,60.91257463684163,31.164780322609392,5.213439087425363,2.7092059531236075,51.79584120982986,19.11963273021874,17.904401836348907,11.180124223602485,52.38356164383562,18.465753424657535,18.246575342465754,10.904109589041095,0.6980118886089036,0.8500543350307959
143,91.53373139648873,93.83765405864854,92.78610449642807,93.30891674883787,69.1061301647313,75.71428571428571,75.0,75.35545023696683,68.93150684931507,75.38860103626943,75.58441558441558,75.4863813229572,59.03217182069335,32.50155957579538,3.8766598342393723,4.5896087692719005,47.23197407507426,21.874156089657035,15.149878476910613,15.74399135835809,47.83561643835617,21.095890410958905,15.616438356164384,15.452054794520548,0.6951528073916133,0.8491069301786556
144,88.19178326352375,94.15249088699879,86.83288976047065,90.34467681993733,66.32460167431812,77.3851590106007,65.73756432246999,71.0874101553443,66.73972602739727,77.84552845528455,66.32034632034632,71.6222533894343,55.244630603333036,32.94715266019072,3.4310667498440424,8.377149986632206,41.39886578449906,24.925735889819066,12.098298676748582,21.5770996489333,41.97260273972603,24.767123287671232,11.945205479452055,21.315068493150687,0.6953498740065904,0.8388950121849594
145,86.14205507530524,94.35970765808706,83.19092309847318,88.42403037296211,65.40642722117202,78.17694369973191,62.52144082332761,69.4781987133667,63.94520547945205,76.69172932330827,61.81818181818181,68.45637583892618,52.927546564477325,33.21450851082791,3.1637108992068446,10.694234025487924,39.37348096138266,26.03294625978936,10.991088306778288,23.60248447204969,39.12328767123287,24.82191780821918,11.890410958904111,24.164383561643834,0.6885081088066163,0.8329135632514197
146,90.553426610819,93.89169675090253,91.07718167810617,92.46302616609783,68.05293005671076,75.77388963660835,72.42710120068611,74.06270554702917,67.56164383561644,75.11150758251561,72.9004329004329,73.98945518453426,57.94492469476874,32.608501916050265,3.7697174939844933,5.676855895196507,45.61166621658115,22.441263840129626,14.582770726438024,17.3642992168512,46.136986301369866,21.424657534246574,15.287671232876713,17.15068493150685,0.6844110615752407,0.8454437958730399
147,90.24151145174227,94.45425125036776,89.94256898725311,92.14321590012197,68.24196597353497,77.70853307766059,69.51114922813036,73.3816206428248,67.17808219178082,76.42585551330798,69.61038961038962,72.85908473040327,57.223063898048295,33.01844755369397,3.3597718563407897,6.398716691916942,43.775317310288955,24.466648663246016,12.55738590332163,19.200648123143395,44.054794520547944,23.123287671232877,13.589041095890412,19.232876712328768,0.68611552626478,0.8392028446030108
148,90.75839942964086,94.59222449576147,90.65695475556801,92.58279093054861,68.53902241425871,78.06637806637806,69.59691252144083,73.5887553842666,66.95890410958904,76.13636363636364,69.61038961038962,72.72727272727273,57.67756884413154,33.08083058550931,3.2973888245254432,5.944211745833704,43.829327572238725,24.70969484201998,12.314339724547665,19.14663786119363,44.054794520547944,22.904109589041095,13.808219178082194,19.232876712328768,0.6915862247205531,0.8435936889966245
149,91.44461277960966,94.14202028861266,92.29583975346686,93.2097892205404,69.75425330812854,75.44080604534005,77.05831903945112,76.24098430207891,69.26027397260273,74.75,77.66233766233766,76.17834394904457,58.72025666161661,32.72435611799305,3.6538632920417076,4.901523928348632,48.528220361868755,21.22603294625979,15.798001620307858,14.447745071563597,49.15068493150685,20.10958904109589,16.602739726027398,14.136986301369864,0.6919215610260385,0.8426926084777095
150,91.85455841725336,94.18026969481902,92.94018770135874,93.55611957134799,69.21415068863084,76.60714285714286,73.58490566037736,75.06561679790026,68.54794520547945,75.86821015138024,73.76623376623377,74.80245829675154,59.13020229926032,32.72435611799305,3.6538632920417076,4.491578290704928,46.340804752903054,22.873345935727787,14.15068863083986,16.6351606805293,46.68493150684932,21.863013698630137,14.849315068493151,16.602739726027398,0.6927725011307101,0.8481921321854858
151,92.1842972997059,93.90072910824453,93.80865667460428,93.85467031041973,69.78125843910344,74.90759753593429,78.21612349914237,76.52611705475141,69.75342465753425,74.45255474452554,79.48051948051949,76.88442211055278,59.68273772391053,32.50155957579538,3.8766598342393723,3.939042866054719,49.25735889819066,20.523899540912772,16.500135025654874,13.718606535241696,50.301369863013704,19.45205479452055,17.26027397260274,12.986301369863012,0.6943361116495445,0.849996429614264
152,92.24668033152126,93.33609843771602,94.565065135173,93.94656276092402,70.59141236834998,74.42043222003929,81.21783876500858,77.67069920032806,70.63013698630137,74.1985926505082,82.16450216450217,77.9786359901397,60.16397825505748,32.082702076463775,4.295517333570983,3.457802334907762,51.147718066432624,19.443694301917365,17.580340264650285,11.82824736699973,52.0,18.63013698630137,18.08219178082192,11.287671232876713,0.6950617044646895,0.8500147887436728
153,91.19508065234827,94.66957153231664,91.30130270345987,92.95493439817454,68.9170942479071,76.70737222976028,72.72727272727273,74.66431873211535,68.27397260273973,76.08695652173914,72.72727272727273,74.36918990703852,58.08751448177524,33.10756617057303,3.2706532394617236,5.534266108190001,45.800702133405345,23.116392114501753,13.907642452065893,17.175263300027005,46.02739726027397,22.246575342465754,14.465753424657535,17.26027397260274,0.6913801124248885,0.8457795858100483
154,92.175385438018,93.29276725210897,94.49502731474996,93.89004871259569,70.02430461787739,75.0,78.60205831903944,76.75879396984925,68.93150684931507,73.74798061389338,79.04761904761905,76.30589218554115,60.119418946617955,32.05596649140005,4.322252918634703,3.502361643347295,49.50040507696462,20.523899540912772,16.500135025654874,13.475560356467728,50.02739726027398,18.904109589041095,17.80821917808219,13.26027397260274,0.6880131808490018,0.8508970259870288
155,92.4427412886552,94.13497965483373,93.97674744361956,94.05579699985981,70.07831487982716,76.28865979381443,76.15780445969125,76.22317596566523,68.93150684931507,75.0853242320819,76.19047619047619,75.63386334336055,59.78968006416541,32.6530612244898,3.7251581855449607,3.8321005257998397,47.96111261139617,22.117202268431,14.906832298136646,15.014852822036188,48.21917808219178,20.712328767123285,16.0,15.068493150684931,0.6861710925890031,0.8512151868562836
156,92.46947687371892,93.15688425671969,95.15338282672643,94.14454992723996,70.94247907102348,75.61174551386624,79.50257289879931,77.50836120401338,69.86301369863014,74.14205905826017,80.43290043290044,77.15946843853821,60.538276445949556,31.93120042776936,4.447018982265395,3.0835041440156847,50.06751282743721,20.874966243586282,16.149068322981368,12.908452605995139,50.90410958904109,18.958904109589042,17.753424657534246,12.383561643835616,0.697597079537378,0.8517111369506828
157,92.24668033152126,94.34149101711698,93.41644488023533,93.87668918918918,69.75425330812854,76.48601398601399,75.04288164665523,75.75757575757575,69.15068493150685,75.4295532646048,76.01731601731602,75.72229409228116,59.43320559664914,32.813474734872116,3.5647446751626415,4.188574993316103,47.25897920604915,22.495274102079396,14.528760464488252,15.716986227383204,48.10958904109589,21.04109589041096,15.67123287671233,15.178082191780822,0.6943102668475802,0.8512974609623738
158,92.77248017110774,93.83485730119146,94.87323154503432,94.3511875740057,69.9972994869025,75.74862927035007,77.01543739279589,76.37678077822666,68.65753424657535,74.35254803675856,77.05627705627705,75.68027210884354,60.36003921219143,32.412440958916314,3.965778451118439,3.261741377773817,48.50121523089387,21.49608425600864,15.527950310559005,14.474750202538484,48.76712328767123,19.89041095890411,16.821917808219176,14.520547945205479,0.6932971506105834,0.8549515271337481
159,90.03653863292041,94.2915992349566,89.77447821823785,91.97761194029852,67.56683769916285,77.67988252569751,68.05317324185248,72.54857142857144,66.63013698630137,76.35135135135135,68.48484848484848,72.20447284345049,57.11612155779342,32.920417075127,3.457802334907762,6.50565903217182,42.857142857142854,24.70969484201998,12.314339724547665,20.118822576289492,43.342465753424655,23.28767123287671,13.424657534246576,19.945205479452056,0.6894197841959037,0.8399258822964167
160,92.67444969254078,93.43969192683262,95.16739039081104,94.29562803608606,70.88846880907373,75.34357316087308,79.93138936535163,77.56970453599666,69.2054794520548,74.1253051261188,78.87445887445888,76.4261744966443,60.54718830763747,32.127261384903306,4.2509580251314505,3.074592282327778,50.337564137186064,20.55090467188766,16.47312989467999,12.638401296246288,49.917808219178085,19.28767123287671,17.424657534246577,13.36986301369863,0.6881721263810816,0.8561652200533397
161,92.71900900098031,93.60000000000001,95.05532987813419,94.32205156716937,70.34836618957601,75.34921939194741,78.64493996569468,76.96181284095677,69.58904109589041,74.54991816693945,78.87445887445888,76.65124106015986,60.475893414134205,32.243115586846095,4.135103823188664,3.145887175831031,49.52741020793951,20.82095598163651,16.203078584931138,13.448555225492845,49.917808219178085,19.67123287671233,17.041095890410958,13.36986301369863,0.695636751308393,0.8568568113015634
162,91.86347027894128,94.35736677115987,92.75808936825885,93.55089355089355,69.78125843910344,76.96754112939084,74.22813036020584,75.57301899148658,68.93150684931507,75.92592592592592,74.54545454545455,75.22935779816514,59.01434809731752,32.84912218162374,3.5290972284110147,4.607432492647714,46.74588171752633,23.0353767215771,13.988657844990549,16.230083715906023,47.178082191780824,21.753424657534246,14.95890410958904,16.10958904109589,0.7006273825676811,0.851110311578326
163,91.3644060244185,90.90426942455582,96.03585936405659,93.39963217764456,70.83445854712396,73.56927710843374,83.79073756432247,78.34803528468325,68.87671232876713,72.25170583775588,82.5108225108225,77.04122877930479,61.09972373228767,30.264682292130825,6.11353711790393,2.522056857677569,52.76802592492573,18.066432622198217,18.957601944369433,10.207939508506616,52.21917808219179,16.65753424657534,20.054794520547944,11.068493150684931,0.6783691929960587,0.8448515391190551
164,92.25559219320915,93.38499861610849,94.52304244291918,93.95057431256527,71.15852011882258,77.07797772065125,77.14408233276157,77.1110158594085,69.86301369863014,75.39882451721243,77.74891774891775,76.55583972719522,60.13724266999376,32.1183495232154,4.259869886819356,3.4845379199714825,48.582230623818525,22.57628949500405,14.447745071563597,14.393734809613825,49.205479452054796,20.65753424657534,16.054794520547947,14.082191780821917,0.6987594495057181,0.8553923691004832
165,87.61251225380981,94.47624941977409,85.53018630060232,89.78091457138656,65.91952470969484,78.6096256684492,63.0360205831904,69.96668253212756,66.95890410958904,78.63070539419087,65.62770562770562,71.54318074563473,54.415827466357726,33.1966847874521,3.1815346225826575,9.205953123607522,39.69754253308129,26.221982176613558,10.80205238995409,23.278422900351067,41.534246575342465,25.424657534246574,11.287671232876713,21.753424657534246,0.7008005427408412,0.8407940331922609
166,91.46243650298548,91.30028063610851,95.69967782602605,93.44822869648475,71.26654064272212,73.39483394833948,85.29159519725557,78.89726299087664,70.41095890410959,72.76091783863805,85.10822510822511,78.45171588188349,60.885839051777914,30.57659745120756,5.801621958827199,2.7359415381873275,53.71320550904672,17.5533351336754,19.47069943289225,9.262759924385634,53.863013698630134,16.547945205479454,20.164383561643838,9.424657534246576,0.6896019900497512,0.8509605259812958
167,91.31984671597897,91.41475211608223,95.3074660316571,93.32053216294061,69.51120712935457,74.3030303030303,78.85934819897084,76.51341793218224,68.32876712328768,73.28490718321227,78.61471861471861,75.8563074352548,60.63630692451654,30.68353979146244,5.694679618572319,2.9854736654487124,49.662435862813936,19.848771266540645,17.175263300027005,13.313529570618417,49.75342465753425,18.575342465753426,18.136986301369863,13.534246575342465,0.6780435484913097,0.8397745904669195
168,92.34471081008823,93.79358437935844,94.20086846897324,93.99678524005871,69.34917634350526,76.07843137254902,74.8713550600343,75.47006699805489,68.82191780821918,75.34602076124568,75.41125541125541,75.37862397230637,59.9322698511719,32.412440958916314,3.965778451118439,3.6895107387933344,47.15095868214961,22.198217661355656,14.825816905211992,15.825006751282745,47.726027397260275,21.095890410958905,15.616438356164384,15.561643835616437,0.6974988692899141,0.8561972351781268
169,91.97041261919615,94.01637030764888,93.31839193164309,93.66608084358523,68.75506346205779,76.42825011246063,72.85591766723843,74.59934138309549,68.93150684931507,76.29695885509838,73.85281385281385,75.05499340079189,59.370822564833794,32.59959005436235,3.7786293556724,4.2509580251314505,45.88171752633,22.873345935727787,14.15068863083986,17.09424790710235,46.73972602739726,22.19178082191781,14.520547945205479,16.547945205479454,0.6963235769205919,0.8521849008556291
170,92.52294804384637,92.65980498374866,95.83975346687211,94.22295668938925,70.15933027275182,74.04939239513915,81.00343053173242,77.3704689739914,69.47945205479452,73.46938775510205,81.03896103896105,77.06875257307534,60.974957668656984,31.54799037518938,4.830229034845379,2.6468229213082615,51.01269241155819,19.14663786119363,17.87739670537402,11.963273021874157,51.28767123287671,18.191780821917806,18.52054794520548,12.0,0.6916114234024682,0.8515362141781416
171,92.93289368149006,93.87444690265487,95.09735257038801,94.48194280147518,70.02430461787739,75.62919463087249,77.31560891938251,76.46310432569973,68.16438356164383,74.19898819561551,76.19047619047619,75.18154634771466,60.502628999197924,32.43026468229213,3.9479547277426255,3.1191515907673115,48.690251147718065,21.334053470159333,15.689981096408317,14.285714285714285,48.21917808219178,19.945205479452056,16.767123287671232,15.068493150684931,0.6965090133746851,0.855051038379756
172,92.79921575617146,93.92257527403913,94.8172012886959,94.36776801895999,69.16014042668107,76.14235500878735,74.31389365351629,75.21701388888889,68.71232876712328,75.30329289428076,75.23809523809524,75.27067994802944,60.3243917654398,32.474823990731664,3.903395419303093,3.2973888245254432,46.7998919794761,22.36024844720497,14.66378611936268,16.176073453956253,47.61643835616438,21.095890410958905,15.616438356164384,15.67123287671233,0.6952193577566712,0.8523424481607811
173,92.7011852776045,94.53213077790305,93.96273987953495,94.24657534246576,68.53902241425871,76.3431151241535,72.51286449399656,74.37871123817902,68.0,75.37777777777778,73.41991341991341,74.3859649122807,59.780768202477496,32.920417075127,3.457802334907762,3.841012387487746,45.66567647853092,22.873345935727787,14.15068863083986,17.31028895490143,46.465753424657535,21.53424657534247,15.178082191780822,16.821917808219176,0.6953957485300769,0.8560649403213789
174,92.9774529899296,94.44366689993002,94.52304244291918,94.48333800056007,69.18714555765595,75.8351409978308,74.95711835334477,75.3935734310977,68.32876712328768,74.72150814053128,75.4978354978355,75.10766580534022,60.13724266999376,32.840210319935835,3.538009090098922,3.4845379199714825,47.20496894409938,21.982176613556575,15.041857953011073,15.770996489332973,47.78082191780822,20.54794520547945,16.164383561643834,15.506849315068493,0.6936008270336629,0.8583640197459084
175,92.5853310756617,94.61027019380394,93.68258859784284,94.14414414414415,68.05293005671076,75.93679458239278,72.12692967409949,73.98284583241697,67.12328767123287,74.75468331846565,72.55411255411255,73.63796133567662,59.60253096871937,32.98280010694234,3.395419303092416,4.019249621245878,45.42263029975695,22.63029975695382,14.393734809613825,17.5533351336754,45.91780821917808,21.205479452054796,15.506849315068493,17.36986301369863,0.6862176132325386,0.8564047417550603
176,92.90615809642634,93.78710479083253,95.15338282672643,94.46530385203728,69.70024304617878,74.61350691619202,78.64493996569468,76.57620041753653,69.31506849315069,74.01129943502825,79.39393939393939,76.60818713450291,60.538276445949556,32.36788165047678,4.010337759557972,3.0835041440156847,49.52741020793951,20.172832838239266,16.851201728328384,13.448555225492845,50.246575342465746,19.068493150684933,17.643835616438356,13.041095890410958,0.6929172320217096,0.8543494107049909
177,93.03983602174493,93.76376651982379,95.40551898024934,94.57751857251961,70.37537132055091,75.1732572360375,79.073756432247,77.07419017763846,69.75342465753425,74.45255474452554,79.48051948051949,76.88442211055278,60.698689956331876,32.341146065413064,4.0370733446216915,2.923090633633366,49.79746151768836,20.577909802862543,16.446124763705104,13.178503915743992,50.301369863013704,19.45205479452055,17.26027397260274,12.986301369863012,0.6925127608709698,0.857613985140986
178,93.14677836199982,93.72597473915431,95.62964000560302,94.66823823060389,70.48339184445045,75.50432276657061,78.64493996569468,77.04263810123923,69.91780821917808,74.51456310679612,79.74025974025975,77.03889585947303,60.84127974333838,32.30549861866144,4.072720791373318,2.78050084662686,49.52741020793951,20.955981636510938,16.068052930056712,13.448555225492845,50.465753424657535,19.45205479452055,17.26027397260274,12.821917808219178,0.6976636299024359,0.8599056486760723
179,92.40709384190357,93.32873880082701,94.84521641686511,94.0808670279283,70.2133405347016,74.22152148206543,80.74614065180103,77.34647771616348,69.97260273972603,73.65549493374903,81.81818181818183,77.52255947497949,60.34221548881561,32.06487835308796,4.313341056946796,3.27956510114963,50.85066162570888,19.36267890899271,17.66135565757494,12.125303807723467,51.78082191780822,18.191780821917806,18.52054794520548,11.506849315068493,0.6908586935452607,0.8523188786966134
180,92.26450405489707,94.45625974762513,93.31839193164309,93.88387824126269,69.24115581960572,75.09465713083719,76.54373927958834,75.81227436823104,69.36986301369863,75.12647554806071,77.14285714285715,76.12131567706109,59.370822564833794,32.89368149006327,3.4845379199714825,4.2509580251314505,48.20415879017013,21.036997029435593,15.987037537132053,14.77180664326222,48.821917808219176,20.54794520547945,16.164383561643834,14.465753424657535,0.6937287588033856,0.8495988149823653
181,92.46056501203101,94.52384321494269,93.57052808516599,94.04476981557089,69.97029435592763,74.89795918367346,78.68782161234992,76.7461313258051,69.42465753424656,74.32762836185819,78.96103896103897,76.57430730478588,59.53123607521611,32.9293289368149,3.4488904732198558,4.090544514749131,49.554415338914396,20.415879017013232,16.608155549554414,13.42155009451796,49.97260273972603,19.45205479452055,17.26027397260274,13.315068493150687,0.6944465981779415,0.8487302875284044
182,90.20586400499064,95.08808599581965,89.21417565485362,92.05752692057527,67.78287874696193,77.71289537712896,68.4819897084048,72.80601777980397,67.17808219178082,77.30844793713163,68.13852813852814,72.43442245743212,56.759647090277156,33.44621691471348,2.9320024953212727,6.862133499688085,43.127194166891705,24.655684580070215,12.368349986497435,19.848771266540645,43.12328767123288,24.054794520547944,12.657534246575342,20.164383561643838,0.6879705369257608,0.8355984379938963
183,91.80108724712592,94.96746203904556,91.98767334360555,93.45382097623451,68.7280583310829,77.02578268876611,71.7409948542024,74.28952042628775,67.67123287671232,75.89367552703942,71.68831168831169,73.73107747105966,58.524195704482665,33.276891542643256,3.101327867391498,5.097584885482577,45.17958412098299,23.54847421009992,13.475560356467728,17.796381312449366,45.369863013698634,22.301369863013697,14.410958904109588,17.917808219178085,0.696386250565355,0.8475099625750415
184,92.55859549059798,94.7473026689381,93.48648270065836,94.11267009800466,69.51120712935457,76.55629139072848,74.35677530017153,75.44050467696324,68.32876712328768,75.32923617208077,74.28571428571429,74.80383609415868,59.47776490508867,33.08083058550931,3.2973888245254432,4.144015684876571,46.826897110450986,22.68431001890359,14.339724547664057,16.149068322981368,47.013698630136986,21.315068493150687,15.397260273972602,16.273972602739725,0.7059275053304903,0.8578729111130108
185,93.09330719187238,94.29287305122494,94.88723910911892,94.58912239056063,69.9972994869025,74.58719291180024,79.41680960548885,76.92627206645898,69.47945205479452,73.80573248407643,80.25974025974027,76.89755288262134,60.36895107387933,32.72435611799305,3.6538632920417076,3.25282951608591,50.01350256548744,19.98379692141507,17.04023764515258,12.96246286794491,50.79452054794521,18.684931506849313,18.027397260273972,12.493150684931507,0.6934302513406991,0.8574185975875259
186,92.19320916139382,92.43799972896056,95.54559462109539,93.96611103457776,70.2133405347016,74.05088062622309,81.13207547169812,77.42991610394925,70.02739726027397,73.71294851794072,81.81818181818183,77.55437012720559,60.787808573210945,31.405400588182868,4.9728188218518845,2.8339720167543,51.09370780448285,19.11963273021874,17.904401836348907,11.882257628949501,51.78082191780822,18.246575342465754,18.465753424657535,11.506849315068493,0.6930322413904504,0.8526757558881624
187,93.16460208537563,93.9812258420762,95.36349628799552,94.66731558089411,69.70024304617878,74.2,79.54545454545455,76.77980132450331,70.30136986301369,74.30610626486916,81.12554112554112,77.56622516556293,60.67195437126816,32.49264771410748,3.885571695927279,2.949826218697086,50.0945179584121,19.605725087766675,17.41830947880097,12.881447475020256,51.34246575342466,18.958904109589042,17.753424657534246,11.945205479452055,0.6981708341409834,0.8580571709898767
188,91.42678905623384,90.63281147217471,96.49810897884858,93.47354138398914,70.24034566567647,72.54398826979472,84.86277873070325,78.2213438735178,70.73972602739727,72.58181818181818,86.40692640692642,78.89328063241106,61.3938151679886,30.032973888245255,6.345245521789502,2.227965421976651,53.44315419929787,16.79719146637861,20.226843100189036,9.532811234134487,54.68493150684931,16.054794520547947,20.65753424657534,8.602739726027398,0.691215997932416,0.846519714631041
189,91.68523304518314,90.77529566360053,96.76425269645608,93.67414739982372,71.21253038077235,73.32350773765658,85.3344768439108,78.87435592548553,71.06849315068493,73.00073367571534,86.14718614718615,79.03097696584591,61.56314054005881,30.12209250512432,6.256126904910436,2.0586400499064252,53.7402106400216,17.47231974075074,19.551714825816905,9.235754793410749,54.52054794520548,16.547945205479454,20.164383561643838,8.767123287671232,0.6951980357950508,0.847089462431473
190,88.96711523037163,94.75200970726529,87.50525283653172,90.9845616079231,65.54145287604645,77.32919254658384,64.06518010291595,70.07504690431519,65.04109589041096,76.8990634755463,63.98268398268399,69.84877126654064,55.67239996435255,33.29471526601907,3.0835041440156847,7.949380625612691,40.34566567647853,25.19578719956792,11.82824736699973,22.63029975695382,40.49315068493151,24.54794520547945,12.164383561643834,22.794520547945204,0.6906777799315112,0.8455680446818636
191,92.08626682113893,94.31447610945696,93.17831629079703,93.74295377677565,68.32298136645963,75.5398854120758,73.4991423670669,74.50554227341884,69.36986301369863,75.82322357019065,75.75757575757575,75.790385448246,59.281703947954725,32.80456287318421,3.573656536850548,4.340076642010516,46.286794490953284,22.036186875506345,14.987847691061301,16.68917094247907,47.94520547945205,21.424657534246574,15.287671232876713,15.342465753424658,0.6952891387219745,0.8490396031243441
192,91.15943320559666,94.56285341452806,91.35733295979828,92.93245939013964,67.59384283013773,75.72727272727273,71.44082332761577,73.52162400706091,67.17808219178082,74.86583184257603,72.46753246753246,73.64716234051912,58.12316192852687,33.03627127706978,3.3419481329649767,5.498618661438375,44.99054820415879,22.603294625978936,14.420739940588712,17.985417229273562,45.86301369863014,21.315068493150687,15.397260273972602,17.424657534246577,0.6836492860373458,0.8444756803244757
193,92.75465644773193,94.54929577464789,94.03277769995798,94.290329377063,69.9972994869025,76.14561027837259,76.24356775300171,76.19455753160489,69.26027397260273,74.91610738255034,77.31601731601731,76.09714529186195,59.82532751091703,32.9293289368149,3.4488904732198558,3.7964530790482134,48.01512287334593,21.982176613556575,15.041857953011073,14.960842560086416,48.93150684931507,20.328767123287673,16.383561643835616,14.356164383561643,0.6939859145829295,0.8567573845890102
194,91.84564655556545,94.25483503981798,92.8421347527665,93.54315150659798,68.78206859303268,74.83108108108108,75.98627787307034,75.40425531914894,69.42465753424656,75.02095557418274,77.48917748917748,76.2350936967632,59.06781926744497,32.777827288120484,3.600392121914268,4.553961322520275,47.85309208749663,20.928976505536053,16.095058061031594,15.122873345935728,49.04109589041096,20.383561643835616,16.328767123287673,14.246575342465754,0.6946947082767978,0.8473230206822009
195,86.85500401033775,94.93811488416377,83.80725591819582,89.02611412841306,65.16338104239806,77.89079229122055,62.39279588336192,69.28571428571428,65.53424657534246,77.74261603375527,63.8095238095238,70.09034712315739,53.31966847874521,33.535335531592544,2.8428838784422066,10.302112111220033,39.292465568458006,25.870915473940048,11.153119092627598,23.683499864974344,40.38356164383561,25.150684931506852,11.561643835616438,22.904109589041095,0.6944278606965174,0.8276454383488445
196,92.36253453346404,94.78186484174508,93.12228603445861,93.9447466968134,69.16014042668107,75.31914893617021,75.90051457975986,75.6087142246903,70.73972602739727,75.72493786246893,79.13419913419914,77.39204064352244,59.24605650120311,33.116478032260936,3.261741377773817,4.3757240887621425,47.79908182554685,21.361058601134218,15.662975965433432,15.1768836078855,50.082191780821915,20.65753424657534,16.054794520547947,13.205479452054794,0.7011972604509917,0.8497209965639764
197,92.40709384190357,94.96495494206837,92.99621795769716,93.97027600849258,68.97110450985687,75.97716293368467,74.1852487135506,75.07051421132567,69.91780821917808,76.34782608695653,76.01731601731602,76.18221258134491,59.16584974601194,33.24124409589163,3.136975314143124,4.455930843953302,46.718876586551445,22.25222792330543,14.77180664326222,16.257088846880908,48.10958904109589,21.80821917808219,14.904109589041095,15.178082191780822,0.7055831233443174,0.8514154850349811
198,92.48730059709473,95.17795637198623,92.89816500910491,94.0242432834763,69.4571968674048,76.32617273125823,74.65694682675816,75.48233253847822,69.86301369863014,76.46544181977252,75.67099567099567,76.06614447345518,59.10346671419659,33.38383388289814,2.9943855271366187,4.518313875768648,47.01593302727518,22.441263840129626,14.582770726438024,15.96003240615717,47.89041095890411,21.972602739726028,14.73972602739726,15.397260273972602,0.7062764101570072,0.8519088453317198
199,92.13973799126637,95.21607168665992,92.28183218938226,93.72599231754162,68.9170942479071,77.00045724737082,72.21269296740995,74.52976322195175,68.93150684931507,76.63043478260869,73.24675324675324,74.9003984063745,58.711344799928696,33.42839319133767,2.949826218697086,4.910435790036539,45.47664056170672,23.440453686200378,13.583580880367268,17.499324871725626,46.35616438356164,22.575342465753426,14.136986301369864,16.931506849315067,0.7075589584544808,0.8532243472703179
