,training set Accuracy,training set Precittion,training set Recall,training set F1 score,development set Accuracy,development set Precittion,development set Recall,development set F1 score,test set Accuracy,test set Precittion,test set Recall,test set F1 score,training set True positive ratio,training set True negative ratio,training set False positive ratio,training set False negative ratio,development set True positive ratio,development set True negative ratio,development set False positive ratio,development set False negative ratio,test set True positive ratio,test set True negative ratio,test set False positive ratio,test set False negative ratio,test AUC score,whole AUC score,loss,hek293 AUC score,hct116 AUC score,hela AUC score
0,59.2444747346899,77.04517704517706,49.28917356663021,60.11814024390243,56.58791458427987,74.59016393442623,46.31043256997455,57.14285714285714,50.28901734104046,82.5,38.059701492537314,52.089136490250695,30.71755427903807,28.526920455651833,9.151981306591374,31.60354395871872,28.941390277146752,27.64652430713312,9.859154929577464,33.552930486142664,27.02312138728324,23.265895953757227,5.732177263969172,43.97880539499037,0.6274466162091986,0.6497220970358606,0.6301244497299194,0.44583574320416425,0.7012910798122065,0.6949492307287347
1,59.80917145360725,78.63441672965482,48.75800656147477,60.19286403085825,58.405270331667424,77.41358760429083,47.21919302071974,58.65883946714834,39.30635838150289,84.07643312101911,17.91044776119403,29.530201342281874,30.38652516794859,29.42264628565865,8.256255476584558,31.9345730698082,29.509313948205364,28.895956383462064,8.609722853248524,32.98500681508405,12.716763005780345,26.589595375722542,2.4084778420038537,58.285163776493256,0.5987408547717468,0.6371025740314027,0.6279829144477844,0.4721708116444958,0.692126161222655,0.6994478882878614
2,64.28780060364132,79.76475713352211,57.209810967036404,66.63027656477438,60.17719218537029,76.23554153522608,52.70810614322065,62.325381474317645,48.84393063583815,83.11897106109325,35.07462686567165,49.33206106870229,35.65378249440172,28.634018109239605,9.044883653003602,26.66731574335508,32.93957292139936,27.237619263970924,10.268059972739664,29.554747841890048,24.903660886319845,23.940269749518304,5.057803468208093,46.09826589595375,0.6254158458688136,0.6690202317452387,0.6135562062263489,0.4737613263929053,0.7205136849465589,0.7212206012029323
3,66.24476681919968,81.7257785467128,59.037650367130134,68.5532879818594,61.06315311222171,77.24645296899632,53.43511450381679,63.17146540610228,44.02697495183045,83.47639484978541,26.39077340569878,40.103092783505154,36.79291208256256,29.451854736637134,8.227047025606076,25.528186155194238,33.39391185824625,27.669241253975468,9.83643798273512,29.100408905043164,18.737957610789984,25.289017341040466,3.7090558766859343,52.26396917148362,0.6091302397706424,0.6717125454317368,0.608756959438324,0.48608058608058613,0.7280959694336231,0.7424676892907438
4,66.30318372115666,79.96331023236853,61.2872988595532,69.39064296453526,61.40390731485689,75.70869990224828,56.30679752817157,64.58203043568896,48.69942196531792,78.92503536067893,37.8561736770692,51.169188445667125,38.19491772952974,28.10826599162691,9.570635770616299,24.126180508227048,35.188550658791456,26.215356656065424,11.29032258064516,27.305770104497956,26.878612716763005,21.820809248554912,7.1772639691714835,44.1233140655106,0.5931990605715006,0.6863125489544766,0.5982819199562073,0.5181897050318103,0.7367239786235141,0.7464390768744817
5,69.92503164248856,82.01856148491879,66.27089517262928,73.30856303464961,63.17582916855975,76.08494921514311,59.9054889131225,67.03274354281065,49.08477842003854,82.12634822804314,36.16010854816825,50.21196420160151,41.30074968357512,28.624281958913443,9.054619803329764,21.020348554181677,37.43752839618355,25.738300772376192,11.767378464334394,25.056792367105864,25.67437379576108,23.410404624277454,5.5876685934489405,45.32755298651253,0.614095597217777,0.6961414151250762,0.5989208221435547,0.5128590707538077,0.7587372640095893,0.76741553809505
6,73.19637815207867,80.91525423728814,74.58209654741447,77.61970571498253,66.44706951385734,75.3987240829346,68.73864049436568,71.91481270203461,59.874759152215795,78.79604672057502,59.49796472184532,67.80054116737534,46.480381657092785,26.715996494985884,10.962905267257327,15.840716580664004,42.95774647887324,23.489323034984096,14.016356201726488,19.536574284416176,42.24470134874759,17.63005780346821,11.368015414258188,28.757225433526013,0.6251335439985215,0.7100212550918726,0.5862303376197815,0.5093310198573355,0.7788557586654681,0.7718845829878522
7,73.00165514555545,84.91147036181678,68.92673019840649,76.08864361472794,63.880054520672424,76.86256362795002,60.37804434751,67.63029315960912,51.49325626204239,78.86279357231149,43.28358208955223,55.89137100306614,42.95589523902249,30.04575990653296,7.633141855710251,19.3652029987343,37.73284870513403,26.147205815538392,11.358473421172194,24.761472058155384,30.732177263969174,20.761078998073216,8.236994219653178,40.26974951830443,0.6150642138146477,0.7276630105486378,0.5787867903709412,0.5294389820705612,0.7955904754769754,0.7787473184085495
8,75.89329179242527,82.52942151500083,77.7847211373223,80.08685861347917,66.85597455701954,74.6001523229246,71.21046892039259,72.86591035893622,56.98458574181118,78.56440511307768,54.20624151967436,64.15094339622641,48.476292473955795,27.416999318469475,10.261902443773732,13.844805763800993,44.502498864152656,22.35347569286688,15.152203543843706,17.991821899136756,38.48747591522158,18.497109826589593,10.500963391136802,32.51445086705203,0.625931990605715,0.7351472568171543,0.5782541632652283,0.5237516869095816,0.792141144740785,0.7908218831023546
9,74.90020445915685,82.15306980656013,76.30057803468208,79.11874291268427,66.67423898228078,75.11737089201877,69.7928026172301,72.35726399095533,61.994219653179194,77.86818551668023,64.92537313432835,70.81021087680355,47.5513581929705,27.34884626618635,10.33005549605686,14.769740044786293,43.616537937301224,23.057701044979556,14.447978191731032,18.877782825988188,46.09826589595375,15.895953757225435,13.102119460500964,24.903660886319845,0.6363151773599535,0.7342508333231124,0.5923384428024292,0.5329863119336804,0.7878802067725501,0.7768899461707532
10,74.57891149839352,83.85137549124687,73.33229182940165,78.2398533211101,65.15220354384371,75.64264643910661,65.24900036350418,70.06245120999219,50.72254335260116,81.36300417246176,39.687924016282224,53.351573187414516,45.7014896309999,28.877421867393632,8.801479894849576,16.619608606756888,40.776919582008176,24.375283961835528,13.130395274875056,21.717401181281236,28.179190751445088,22.54335260115607,6.454720616570328,42.822736030828516,0.6336195044108963,0.7277919778612107,0.583536684513092,0.5432041642567959,0.792993332334432,0.7823271607375528
11,76.00038944601305,80.09174311926606,81.83096391188876,80.95201298199521,66.53793730122672,72.724039829303,74.33660487095601,73.52148121517168,59.48940269749519,77.07442258340463,61.12618724559024,68.18009837306091,50.99795540843151,25.00243403758154,12.67646772466167,11.323142829325285,46.45615629259427,20.08178100863244,17.423898228078148,16.038164470695136,43.40077071290944,16.088631984585742,12.909441233140656,27.601156069364162,0.6108860334389664,0.7278782711488333,0.5802790522575378,0.5926450742240217,0.7726251123763861,0.7833084915965833
12,67.19890955116347,86.40730067243035,56.20996719262615,68.11168954093705,59.631985461154024,78.7825059101655,48.45510723373319,60.00450146297547,48.21772639691715,83.30550918196995,33.85345997286296,48.142788229618915,35.03066887352741,32.168240677636064,5.510661084607146,27.290429364229386,30.28169014084507,29.350295320308952,8.155383916401636,32.212630622444344,24.03660886319846,24.18111753371869,4.8169556840077075,46.96531791907515,0.6317296032672638,0.7284471736147173,0.5768976211547852,0.5132157316367842,0.7914793726900409,0.7804961108698227
13,75.47463732840035,87.6308646762311,70.61396656772379,78.207457392508,64.24352567014994,77.28326379230413,60.596146855688836,67.92991035044825,51.252408477842,79.92227979274611,41.85888738127544,54.94211932324132,44.00739947424788,31.46723785415247,6.211663908090741,18.31369876350891,37.869150386188096,26.374375283961836,11.13130395274875,24.62517037710132,29.72061657032755,21.53179190751445,7.466281310211946,41.28131021194605,0.6189291010967513,0.7517728048744388,0.5666385889053345,0.5728070175438597,0.8223735141344524,0.8009576407259709
14,75.71804108655438,86.49355501587894,72.3324480549914,78.78169133911858,65.49295774647888,77.57385854968666,62.99527444565612,69.52858575727183,57.61078998073218,78.2319391634981,55.83446404341926,65.16231195566112,45.078376010125595,30.63966507642878,7.039236685814429,17.242722227631194,39.368468877782824,26.124488868696048,11.38119036801454,23.125851885506588,39.64354527938343,17.967244701348747,11.03082851637765,31.358381502890175,0.6306894251184427,0.7590617020137929,0.5711145401000977,0.5723057644110275,0.8317850364598941,0.8005249667680078
15,76.64297536753968,83.72093023255815,77.61287298859553,80.55127685447911,65.53839164016357,74.27222659323367,68.62958924027626,71.3395050066125,57.80346820809249,79.42913385826772,54.74898236092266,64.81927710843374,48.36919482036803,28.27378054717165,9.40512121507156,13.951903417388763,42.88959563834621,22.648796001817356,14.856883234893232,19.604725124943208,38.872832369942195,18.930635838150287,10.067437379576107,32.129094412331405,0.6320474041751376,0.7439461366351424,0.5800473690032959,0.5727106227106227,0.8085449755269204,0.7919093260157144
16,77.21740823678319,86.20074879657693,75.53507264489923,80.51623646960864,66.5833711949114,76.73350041771094,66.77571792075608,71.40913508260446,55.8766859344894,80.52516411378556,49.93215739484396,61.64154103852597,47.07428682698861,30.143121409794567,7.535780352448642,15.246811410768183,41.73103134938664,24.852339845524764,12.653339391185824,20.763289413902772,35.45279383429673,20.423892100192678,8.574181117533719,35.54913294797688,0.633228451520711,0.7629950744046562,0.568607747554779,0.595026026604974,0.8310545899510537,0.7960221963385583
17,79.3106805569078,84.59546925566343,81.67473832213716,83.10945075908116,67.51476601544752,74.65472191116088,72.70083605961469,73.6648250460405,57.03275529865125,75.98214285714285,57.73405698778833,65.6129529683886,50.9005939051699,28.410086651737902,9.268815110505306,11.420504332586894,45.433893684688776,22.080872330758748,15.42480690595184,17.060427078600636,40.99229287090559,16.040462427745663,12.95761078998073,30.009633911368017,0.5828012234208,0.75194253268194,0.5698769688606262,0.5756024677077309,0.8198700179802219,0.8007684486911202
18,76.65271151786584,87.01683003513963,73.5041399781284,79.69173441734416,64.87960018173557,77.2254857659286,62.12286441294075,68.85576148267526,54.86512524084779,78.77813504823152,49.864314789687924,61.071873701703375,45.808587284587674,30.844124233278166,6.834777528965047,16.512510953169116,38.82326215356656,26.056338028169012,11.449341208541572,23.671058609722852,35.40462427745665,19.460500963391137,9.53757225433526,35.59730250481696,0.6035568908703237,0.7539384828224485,0.5778335332870483,0.5567572778099094,0.8244056537808412,0.7979865032047486
19,78.52205238048874,86.86939708208824,77.20668645524137,81.7535153019024,65.9700136301681,76.40117994100295,65.9033078880407,70.76502732240438,55.82851637764933,79.40865892291447,51.01763907734057,62.12308963238332,48.116054911887844,30.405997468600916,7.272904293642293,14.205043325868951,41.185824625170376,24.784189004997728,12.721490231712856,21.308496138119036,36.22350674373796,19.60500963391137,9.393063583815028,34.77842003853564,0.6102059169570451,0.7607963054515255,0.5567408800125122,0.571727395411606,0.8262629857157128,0.8095403785156816
20,72.69983448544446,89.55355179239058,63.61506014685205,74.38801607599561,61.17673784643344,79.2368125701459,51.326790258087975,62.29869843370837,46.86897880539499,82.26086956521739,32.08955223880597,46.16886285993167,39.64560412812774,33.05423035731672,4.624671404926492,22.675494109629053,32.07632894139027,29.100408905043164,8.405270331667424,30.417991821899136,22.784200385356453,24.084778420038536,4.913294797687861,48.21772639691715,0.6235608802859758,0.7578795247031193,0.5538741946220398,0.5546558704453441,0.8166391968834283,0.8046024664060752
21,82.54308246519327,88.22163238221631,83.08076862990158,85.57406066457479,68.76419809177646,76.5432098765432,72.11922937113778,74.26539397342317,58.57418111753372,76.55709342560554,60.040705563093624,67.30038022813689,51.776847434524385,30.766235030668877,6.912666731574335,10.544250803232401,45.07042253521127,23.693775556565196,13.811903680145388,17.423898228078148,42.630057803468205,15.94412331406551,13.053949903660886,28.37186897880539,0.6042026352682375,0.7812527559827476,0.5541190505027771,0.5933294775400039,0.8630724952552192,0.8199072794514418
22,78.59994158309804,88.11899147469617,75.89439150132792,81.55111633372502,65.37937301226715,76.61605206073753,64.19483824063977,69.85759493670885,51.97495183044316,76.41196013289037,46.81139755766621,58.05637358014303,47.29821828449031,31.30172329860773,6.377178463635478,15.02287995326648,40.11812812358019,25.261244888686964,12.244434348023624,22.37619263970922,33.23699421965318,18.737957610789984,10.260115606936417,37.76493256262042,0.5757160663009326,0.7645872773953638,0.5600826144218445,0.6017158280316175,0.8418833033662971,0.815435766836446
23,77.78210495570052,86.0746190225959,76.76925480393689,81.15606936416184,65.60654248069059,75.71725571725571,66.19411123227917,70.63615205585727,52.601156069364166,76.17521367521367,48.37177747625509,59.170124481327804,47.843442702755326,29.938662252945186,7.740239509298023,14.47765553500146,41.36756019990913,24.238982280781464,13.266696955929122,21.12676056338028,34.344894026974956,18.25626204238921,10.741811175337187,36.65703275529865,0.5917616312878375,0.7516089021904586,0.5649970769882202,0.5680836707152497,0.8167109929078014,0.7959810676353299
24,81.46236977898938,84.20812414422639,86.47086392751132,85.32449514413443,68.33257610177192,73.26019883441892,77.68084332969829,75.40578687367679,62.042389210019266,75.40740740740742,69.06377204884667,72.09631728045325,53.889592055301335,27.572777723688052,10.106124038555157,8.431506182455458,48.54611540208996,19.786460699681964,17.71921853702862,13.948205361199456,49.03660886319846,13.005780346820808,15.992292870905588,21.965317919075144,0.598476020681852,0.7712711301744811,0.5561298131942749,0.6008097165991901,0.8404567475776645,0.8134426698779957
25,83.19540453704604,86.93316479696634,85.95531948133103,86.44147682639434,68.30985915492957,74.11095305832148,75.7542711741185,74.92360237282041,60.211946050096344,74.65753424657534,66.55359565807328,70.37302725968436,53.56829909453802,29.627105442508032,8.051796319735177,8.752799143218772,47.342117219445704,20.967741935483872,16.537937301226716,15.152203543843706,47.25433526011561,12.95761078998073,16.040462427745663,23.747591522157997,0.5684590487610273,0.7802600104594012,0.5383754968643188,0.6288027761711972,0.8564672610128858,0.8245869033047737
26,81.62788433453413,89.54099509460406,79.84689892204344,84.41654967379635,65.67469332121763,76.45051194539249,65.13994910941476,70.34347399411189,51.97495183044316,75.18479408658922,48.30393487109905,58.81866997108632,49.76146431700905,31.866420017525073,5.812481744718139,12.559633920747737,40.708768741481144,24.965924579736484,12.539754656974104,21.785552021808268,34.296724470134876,17.678227360308284,11.319845857418112,36.70520231213873,0.573165206886137,0.7790440428213898,0.5596840381622314,0.6121553884711779,0.8523218209969033,0.8210416090864822
27,81.43316132801091,89.14634146341463,79.9406342758944,84.29289185404826,66.21990004543389,76.48784576697402,66.3395129043984,71.05314385828305,52.36030828516378,76.91453940066593,47.01492537313433,58.357894736842105,49.819881218966025,31.613280109044883,6.065621653198326,12.50121701879077,41.45842798727851,24.761472058155384,12.744207178555204,21.035892776010904,33.38150289017341,18.978805394990367,10.01926782273603,37.62042389210019,0.5947655260393894,0.7860608267697716,0.546240508556366,0.6471467129361865,0.8558148536609729,0.8267066766691672
28,82.62097166780255,89.73829201101928,81.42477737853461,85.37963797198789,66.81054066333485,76.49958915365653,67.68447837150127,71.82256509161041,51.87861271676301,77.52027809965237,45.386702849389415,57.25288831835687,50.74481549995132,31.87615616785123,5.802745594391977,11.576282737805471,42.29895502044525,24.511585642889596,12.99409359382099,20.195365742844164,32.22543352601156,19.653179190751445,9.344894026974952,38.77649325626204,0.5883678105996746,0.7851197772964597,0.5394454598426819,0.6219298245614034,0.8570416292078713,0.8286117582027085
29,84.71424398792718,88.3717235901509,86.90829557881581,87.63390044108381,68.78691503861882,74.9005424954792,75.281715739731,75.09064539521393,59.82658959537572,76.44628099173553,62.75440976933514,68.92697466467958,54.162204264433846,30.55203972349333,7.126862038749879,8.158893973322948,47.04679691049523,21.74011812812358,15.765561108587006,15.447523852794184,44.55684007707129,15.269749518304431,13.728323699421965,26.445086705202314,0.6071462380035793,0.7982969828718929,0.5533970594406128,0.6389724310776943,0.8782495504944561,0.8320320211631855
30,82.26073410573458,87.67483955899293,83.23699421965318,85.3983010097772,67.96910495229442,75.21624670928921,72.70083605961469,73.93715341959334,55.250481695568396,76.95351137487636,52.78154681139756,62.61569416498995,51.874208937786,30.38652516794859,7.292376594294615,10.446889299970792,45.433893684688776,22.535211267605636,14.970467969104954,17.060427078600636,37.47591522157997,17.77456647398844,11.223506743737957,33.52601156069364,0.585487317264478,0.7830588286140765,0.5579240918159485,0.6635241951031424,0.863262910798122,0.8184365170239929
31,84.28585337357609,89.2956821539977,84.97109826589595,87.07973102785783,68.60517946388005,75.91821279818251,72.88258814976373,74.36943620178042,57.89980732177264,77.02702702702703,58.00542740841248,66.17647058823529,52.95492162398987,31.330931749586217,6.347970012656995,9.366176613766916,45.547478418900496,23.057701044979556,14.447978191731032,16.946842344388916,41.18497109826589,16.714836223506744,12.283236994219653,29.816955684007706,0.6070853825105821,0.7947925332306389,0.5338832139968872,0.645594756121072,0.8739293027669564,0.8289786262355063
32,77.51922889689416,78.41666666666667,88.2049679737541,83.02330710977135,67.15129486597002,70.3588143525741,81.97019265721556,75.72196104768301,63.969171483622354,73.97622192866578,75.98371777476255,74.9665327978581,54.9703047415052,22.548924155388956,15.12997760685425,7.350793496251582,51.2267151294866,15.924579736483416,21.581099500227168,11.267605633802818,53.94990366088632,10.01926782273603,18.978805394990367,17.052023121387283,0.5724867808345766,0.7409255872285504,0.5504412651062012,0.6430210140736455,0.7766831485366097,0.7715752951395743
33,82.78648622334728,89.14990704749029,82.4089985939697,85.64702062023056,67.71921853702862,76.6426282051282,69.53834969102145,72.91785782351819,54.81695568400771,78.57142857142857,50.0,61.111111111111114,51.35819297049946,31.428293252847823,6.250608509395385,10.962905267257327,43.457519309404816,24.261699227623808,13.243980009086778,19.036801453884596,35.5009633911368,19.315992292870906,9.68208092485549,35.5009633911368,0.6115098022421869,0.7940626867516926,0.5399873852729797,0.6247059957586274,0.8624013585056437,0.8308672562877562
34,82.8351669749781,85.99813722446446,86.54897672238712,86.27267772327339,67.74193548387096,73.99927875946628,74.59105779716467,74.29398986241854,65.60693641618496,75.53763440860214,76.2550881953867,75.89466576637408,53.93827280693214,28.896894168045957,8.782007594197253,8.382825430824651,46.61517492049069,21.12676056338028,16.378918673330304,15.879145842798728,54.14258188824663,11.464354527938344,17.533718689788053,16.859344894026975,0.6178962481461614,0.7884236136797754,0.5450382828712463,0.638663967611336,0.8438249175906503,0.824484904120767
35,83.857462759225,90.62874764433785,82.64333697859709,86.45203464618403,68.0145388459791,77.4642126789366,68.8476917484551,72.90223248652809,53.80539499036608,77.59914255091104,49.11804613297151,60.15787287079352,51.50423522539188,32.35322753383312,5.325674228410087,10.81686301236491,43.02589731940027,24.988641526578828,12.51703771013176,19.46842344388914,34.8747591522158,18.930635838150287,10.067437379576107,36.127167630057805,0.6025865838430919,0.801137867947616,0.5346880555152893,0.6492673992673992,0.8719315003496154,0.8351314802384807
36,81.97838574627593,90.52369077306733,79.39384471176379,84.59425717852686,67.28759654702408,77.76365946632782,66.73936750272628,71.83098591549295,52.84200385356455,78.61271676300578,46.13297150610583,58.14450619923043,49.479115957550384,32.499269788725535,5.1796319735176715,12.841982280206407,41.7083144025443,25.57928214447978,11.926397092230804,20.786006360745116,32.75529865125241,20.08670520231214,8.91136801541426,38.24662813102119,0.621547014249201,0.7976834928510365,0.5357068777084351,0.614449585502217,0.8681044600938967,0.8365594688145721
37,85.50287216434623,88.53153435833072,88.15810029682862,88.34442270058707,69.58200817810086,75.84187408491947,75.31806615776081,75.57906255699433,64.83622350674374,76.23413258110014,73.33785617367707,74.7579529737206,54.94109629052672,30.561775873819492,7.117125888423717,7.380001947230065,47.069513857337576,22.51249432076329,14.993184915947296,15.42480690595184,52.07129094412332,12.764932562620423,16.233140655105974,18.930635838150287,0.6194418649729306,0.8062928102390854,0.5246245861053467,0.6442837863890495,0.8717285985416043,0.8395059291138574
38,86.59332100087626,90.06379585326954,88.22059053272926,89.13266514087286,69.80917764652432,76.4115898959881,74.77280988731371,75.58331802314899,61.657032755298644,74.67248908296943,69.60651289009499,72.0505617977528,54.98004089183137,31.613280109044883,6.065621653198326,7.341057345925421,46.72875965470241,23.0804179918219,14.425261244888688,15.765561108587006,49.421965317919074,12.235067437379577,16.76300578034682,21.57996146435453,0.5845485649373189,0.8094498427508674,0.5265700817108154,0.6799980721033353,0.8775128608530616,0.8440119898395652
39,85.44445526238925,92.03221384509939,83.90876425558507,87.7829533382365,67.71921853702862,77.94117647058823,67.43002544529261,72.30559345156888,54.383429672447015,78.79781420765028,48.91451831750339,60.35998325659272,52.29286340181092,33.15159186057833,4.527309901664882,10.028234835945867,42.13993639254884,25.57928214447978,11.926397092230804,20.354384370740572,34.73025048169557,19.653179190751445,9.344894026974952,36.27167630057804,0.6211773734769223,0.8105156174942938,0.5366204380989075,0.6449874686716792,0.8740135850564379,0.8416084284228953
40,86.97303086359653,89.82224319647632,89.20481174816435,89.51246276845902,69.58200817810086,75.16037063435496,76.66303162486369,75.90426489112832,59.874759152215795,76.29204265791633,63.09362279511534,69.06795395469736,55.59341836237951,31.379612501217018,6.299289261026191,6.727679875377275,47.91004089050432,21.671967287596548,15.83371194911404,14.584279872785096,44.797687861271676,15.077071290944124,13.921001926782273,26.204238921001927,0.6020540982793673,0.8127131952941977,0.506320059299469,0.6694621168305378,0.8852824393167515,0.8340152472328608
41,85.29841300749683,91.4561790133921,84.28370567098891,87.72357723577237,68.21899136756019,77.34627831715211,69.50199927299164,73.21462760865404,55.29865125240848,78.61635220125787,50.88195386702849,61.77924217462933,52.52653100963879,32.771881997858046,4.907019764385162,9.794567228118002,43.43480236256247,24.784189004997728,12.721490231712856,19.059518400726944,36.127167630057805,19.171483622350674,9.826589595375722,34.8747591522158,0.6171316101461883,0.8114055857063334,0.5186021327972412,0.6689030267977636,0.8812462541204674,0.8366063555362525
42,85.24973225586604,90.85284280936456,84.877362912045,87.76350860189,67.56019990913221,76.74888799029519,68.99309342057434,72.6646248085758,57.80346820809249,74.66996699669967,61.39755766621439,67.38644825018615,52.89650472203291,32.35322753383312,5.325674228410087,9.424593515723883,43.11676510676965,24.443434802362564,13.062244434348024,19.377555656519764,43.59344894026975,14.210019267822736,14.78805394990366,27.408477842003855,0.5729161501462785,0.8070723009105728,0.5247947573661804,0.7068729516097938,0.8722030766157226,0.8349200787038864
43,86.47648719696232,92.41706161137441,85.29917200437431,88.71557397026567,67.69650159018627,77.56117793446703,67.97528171573973,72.4525377760558,52.64932562620424,77.06725468577729,47.42198100407056,58.71482570348593,53.15938078083926,33.31710641612307,4.361795346120144,9.161717456917534,42.48069059518401,25.21581099500227,12.289868241708314,20.013630168105408,33.67052023121387,18.978805394990367,10.01926782273603,37.33140655105973,0.6056265411090125,0.8136553590721411,0.5196623802185059,0.6770098322729903,0.8867558185995403,0.8482934878456456
44,87.37221302696913,92.6185704742819,86.6427120762381,89.53103559609332,68.51431167651067,77.75518503456689,69.50199927299164,73.39731285988485,53.90173410404624,77.52928647497338,49.38941655359565,60.339825942809775,53.9966897088891,33.37552331808003,4.303378444163178,8.324408528867686,43.43480236256247,25.079509313948208,12.426169922762382,19.059518400726944,35.067437379576106,18.834296724470136,10.163776493256261,35.934489402697494,0.6096734313933203,0.8179523405914988,0.5198675394058228,0.7014652014652014,0.890245729697333,0.8513148023848067
45,88.44318956284684,90.79812206572771,90.64208717387908,90.72003752638574,70.69513857337574,75.33818938605619,78.95310796074155,77.10330138445154,61.994219653179194,75.77125658389767,68.31750339213026,71.85158758473065,56.489144192386334,31.95404537046052,5.724856391782689,5.831954045370461,49.341208541572016,21.353930031803724,16.15174920490686,13.1531122217174,48.506743737957606,13.48747591522158,15.510597302504816,22.495183044315993,0.5973563923060625,0.8214524943962773,0.5162315964698792,0.6927125506072874,0.8993388522625112,0.8554786722996538
46,87.94664589621264,91.88706798637027,88.47055147633182,90.14645017510347,69.51385733757382,76.53483992467042,73.86404943656852,75.17573066962635,59.82658959537572,76.578073089701,62.550881953867034,68.85735623599702,55.13581929704995,32.81082659916269,4.868075163080518,7.185278940706845,46.1608359836438,23.353021353930032,14.152657882780554,16.333484779645616,44.41233140655106,15.414258188824661,13.583815028901732,26.589595375722542,0.6095167848465315,0.8200824069004627,0.5122727155685425,0.6944476576055523,0.8980153081610229,0.8448773377554915
47,88.56975951708694,92.64154021863274,88.70488986095923,90.63048683160416,68.96865061335757,77.12495103799452,71.57397310069065,74.24585218702865,56.936416184971094,76.45985401459853,56.852103120759836,65.21400778210116,55.281861551942356,33.28789796514458,4.391003797098627,7.039236685814429,44.7296683325761,24.238982280781464,13.266696955929122,17.764652430713312,40.36608863198459,16.570327552986512,12.427745664739884,30.63583815028902,0.6032779698607537,0.8252439351165465,0.5171301960945129,0.7062753036437247,0.8948531615223254,0.852401422724102
48,88.5794956674131,92.90873276428103,88.42368379940633,90.61074201552867,69.26397092230803,77.69413629160063,71.2831697564522,74.35071090047394,58.38150289017341,77.18360071301248,58.7516960651289,66.71802773497689,55.10661084607147,33.472884821341644,4.206016940901567,7.214487391685327,44.547932757837344,24.716038164470692,12.78964107223989,17.946388005452068,41.714836223506744,16.666666666666664,12.33140655105973,29.28709055876686,0.6050912381613527,0.8272621944042604,0.5181472897529602,0.706709080393291,0.895951952851863,0.8548971124360037
49,88.80342712491482,91.89404818892612,89.97031713794719,90.92200820966214,69.85461154020899,76.08058608058607,75.49981824790986,75.78908958219304,59.00770712909441,76.64670658682635,60.78697421981004,67.80174044646236,56.07048972836141,32.7329373965534,4.9459643656898065,6.250608509395385,47.183098591549296,22.6715129486597,14.834166288050888,15.311222171740118,43.15992292870906,15.847784200385357,13.150289017341041,27.842003853564545,0.5934024756916114,0.8217619098953909,0.5153452157974243,0.6991131675342201,0.8928928179003097,0.8574108987773259
50,87.73245058903709,90.34688431957306,89.92344946102172,90.13466958972754,69.58200817810086,74.73721093202523,77.53544165757906,76.11061552185548,62.42774566473989,76.65130568356375,67.70691994572591,71.90201729106627,56.04128127738293,31.69116931165417,5.9877324505890375,6.279816960373869,48.455247614720584,21.12676056338028,16.378918673330304,14.039073148568832,48.07321772639692,14.354527938342967,14.64354527938343,22.928709055876688,0.6115509360476385,0.816754002021241,0.5174499154090881,0.6750144592249856,0.8876579512536211,0.8431408839051868
51,86.51543179826696,91.75824175824175,86.09592251210748,88.83694688482308,68.4234438891413,76.97185889813713,70.59251181388586,73.64429275692073,56.98458574181118,76.38510445049954,57.05563093622795,65.32038834951457,53.65592444747347,32.8595073507935,4.819394411449713,8.665173790283323,44.11631076783281,24.307133121308496,13.19854611540209,18.37800999545661,40.51059730250482,16.473988439306357,12.524084778420038,30.491329479768787,0.5939253821499569,0.8164425577192124,0.5216922760009766,0.6955851166377482,0.8848391769054041,0.8486883233966385
52,83.9840327134651,92.46428571428571,80.89361037337916,86.29280893258895,65.83371194911403,78.56161245991754,62.34096692111959,69.51763275233075,50.77071290944123,77.90123456790124,42.808683853459975,55.25394045534151,50.41378638886185,33.570246324603254,4.108655437639957,11.907311848894947,38.959563834620624,26.874148114493412,10.631531122217174,23.534756928668788,30.39499036608863,20.3757225433526,8.622350674373795,40.60693641618497,0.5992513647407781,0.8135376193393363,0.5219340324401855,0.7002988239830344,0.8856539057037258,0.8465126149958543
53,87.75192288968941,91.11111111111111,89.0329635994376,90.06005056890012,68.80963198546115,75.3681885125184,74.40930570701563,74.8856777025791,60.5009633911368,75.27047913446677,66.078697421981,70.37572254335261,55.486320708791744,32.26560218089767,5.4132995813455365,6.834777528965047,46.50159018627896,22.30804179918219,15.197637437528396,15.99273057701045,46.91714836223507,13.583815028901732,15.414258188824661,24.084778420038536,0.5961640754247488,0.8211898258976631,0.5223220586776733,0.6944090996722574,0.9008153531115772,0.85630618180861
54,88.84237172621945,91.58094635227093,90.40774878925167,90.99056603773585,69.69559291231259,75.69822270583968,75.86332242820792,75.78068264342774,57.321772639691716,74.54090150250417,60.58344640434192,66.84131736526945,56.34310193749391,32.499269788725535,5.1796319735176715,5.977996300262876,47.410268059972736,22.285324852339848,15.22035438437074,15.084052703316676,43.01541425818882,14.30635838150289,14.691714836223507,27.986512524084777,0.5687114863616078,0.8207407150220775,0.5174462795257568,0.7062945826103721,0.8972911047847367,0.8614110764533238
55,89.15392853665661,92.42497191462044,89.97031713794719,91.18112729575681,69.94547932757837,76.58227848101265,74.77280988731371,75.66672797498622,58.86319845857418,76.8166089965398,60.24423337856174,67.52851711026616,56.07048972836141,33.0834388082952,4.595462953948009,6.250608509395385,46.72875965470241,23.216719672875964,14.288959563834622,15.765561108587006,42.77456647398844,16.088631984585742,12.909441233140656,28.227360308285164,0.6065128900949797,0.8273430160719,0.5119759440422058,0.697445536919221,0.9027226301068825,0.8594780274015872
56,89.13445623600428,92.19224014050774,90.2046555225746,91.18761844598863,70.33166742389822,76.82881544745636,75.20901490367139,76.01028655400441,58.86319845857418,76.13827993254637,61.261872455902314,67.89473684210526,56.21653198325382,32.91792425275047,4.760977509492747,6.10456625450297,47.001363016810544,23.330304407087688,14.1753748296229,15.492957746478872,43.4971098265896,15.366088631984587,13.63198458574181,27.504816955684007,0.6022214508851093,0.8257965379953748,0.511305570602417,0.6882976672450357,0.9033438217960243,0.8610096603098143
57,86.6809463538117,90.59525729956445,87.7362912044993,89.14285714285714,69.60472512494322,76.55016910935738,74.04580152671755,75.27716186252772,57.27360308285164,76.60924750679963,57.3270013568521,65.5801319363601,54.678220231720374,32.002726122091325,5.676175640151884,7.642878006036414,46.27442071785552,23.330304407087688,14.1753748296229,16.219900045433892,40.703275529865124,16.570327552986512,12.427745664739884,30.298651252408476,0.5960750460924011,0.8124462309591083,0.53258216381073,0.6778773857721225,0.895655404055539,0.8479257972387835
58,87.70324213805861,92.2671931556433,87.61131073269802,89.87899671448034,69.58200817810086,77.42812742812742,72.44638313340603,74.8544600938967,58.1888246628131,76.03092783505154,60.040705563093624,67.09628506444277,54.600331029111096,33.102911108947524,4.575990653295687,7.720767208645701,45.27487505679237,24.307133121308496,13.19854611540209,17.219445706497048,42.630057803468205,15.558766859344894,13.439306358381502,28.37186897880539,0.5954631103017081,0.8223398728106566,0.5259307622909546,0.6887989203778678,0.8982026021376487,0.851980264803043
59,88.26793885697595,91.58130601792574,89.39228245586627,90.47355522175665,69.17310313493866,75.56859867938371,74.88186114140312,75.22366258900858,60.74181117533719,74.83044461190656,67.36770691994572,70.90324883970011,55.71025216629345,32.5576866906825,5.121215071560705,6.610846071463343,46.79691049522944,22.37619263970922,15.129486597001362,15.697410268059972,47.832369942196536,12.909441233140656,16.088631984585742,23.16955684007707,0.5805399910745277,0.8213485950954796,0.5168927311897278,0.7216888374783113,0.8963171761062831,0.8567462589331544
60,89.5823191510077,92.86058851905452,90.22027808154975,91.52139461172742,70.0590640617901,76.8251591164358,74.59105779716467,75.69162670601256,56.69556840077071,74.80586712683348,58.81953867028494,65.85643752373718,56.22626813357998,33.35605101742771,4.3228507448155,6.0948301041768085,46.61517492049069,23.443889141299408,14.061790095411178,15.879145842798728,41.76300578034682,14.932562620423893,14.065510597302506,29.238921001926784,0.5808746962860118,0.8245617885606809,0.5099416375160217,0.7086466165413534,0.8967385875536911,0.8578007988839316
61,88.74501022295784,91.66004765687053,90.14216528667396,90.8947700063012,70.0590640617901,75.671802221426,76.77208287895311,76.21797185131722,59.82658959537572,75.80645161290323,63.77204884667571,69.2704495210022,56.17758738194918,32.567422841008664,5.111478921234544,6.143510855807613,47.97819173103135,22.080872330758748,15.42480690595184,14.516129032258066,45.27938342967245,14.547206165703274,14.450867052023122,25.722543352601157,0.5924597790269432,0.8230680286205071,0.5225203037261963,0.6985540775014459,0.8916036110278693,0.8559508298127163
62,89.06630318372115,92.55079006772009,89.67348851741916,91.08942315321748,69.90004543389368,77.13089802130898,73.68229734641947,75.36716861870237,56.165703275529864,76.40449438202246,55.359565807327,64.20141620771047,55.88550287216435,33.180800311556816,4.4981014506863986,6.4355953655924445,46.04725124943207,23.852794184461608,13.652885052248978,16.447069513857336,39.30635838150289,16.859344894026975,12.138728323699421,31.695568400770714,0.5915176458390621,0.8255469952368317,0.5210638046264648,0.7109408135723925,0.8996759814204375,0.8574281728326818
63,87.49878298120923,92.66299816574954,86.81456022496485,89.64349088562672,67.85552021808269,77.24306688417619,68.8476917484551,72.80415145108591,54.576107899807326,77.91798107255521,50.27137042062415,61.11340206185567,54.10378736247687,33.39499561873235,4.283906143510856,8.217310875279914,43.02589731940027,24.829622898682416,12.676056338028168,19.46842344388914,35.69364161849711,18.88246628131021,10.115606936416185,35.308285163776496,0.59792606733773,0.8207970066181087,0.5176092982292175,0.6888856757277809,0.9099084756767557,0.8578600242165804
64,90.05939051698958,93.15046519088868,90.72019996875488,91.9192718638702,70.58155383916402,77.53403933434191,74.51835696110504,75.99629286376275,58.47784200385357,75.75757575757575,61.05834464043419,67.618332081142,56.53782494401713,33.52156557297244,4.1573361892707625,5.783273293739655,46.569741026806,24.01181281235802,13.493866424352566,15.924579736483416,43.35260115606936,15.1252408477842,13.872832369942195,27.64932562620424,0.5957228731005197,0.8318071125465198,0.5140513777732849,0.7234721418931945,0.907364399160923,0.8654449796659691
65,89.44601304644144,92.69311064718163,90.17341040462428,91.41590117199874,69.49114039073149,76.82926829268293,73.2824427480916,75.01395348837208,54.72061657032755,76.38339920948617,52.442333785617365,62.188254223652464,56.197059682601505,33.24895336383994,4.429948398403271,6.124038555155291,45.79736483416629,23.693775556565196,13.811903680145388,16.696955929123124,37.23506743737958,17.485549132947977,11.51252408477842,33.76685934489403,0.584118068672043,0.826715432018672,0.5197772979736328,0.7137169847696163,0.9119749525521926,0.8625486963846225
66,90.82854639275631,92.88295365278869,92.36056866114669,92.62102459658466,70.28623353021354,75.34246575342466,77.97164667393675,76.63451232583066,57.41811175337187,74.62437395659433,60.651289009497965,66.91616766467067,57.56012072826404,33.268425664492256,4.410476097750949,4.760977509492747,48.72785097682871,21.558382553384824,15.947296683325762,13.7664697864607,43.0635838150289,14.354527938342967,14.64354527938343,27.9383429672447,0.5833956914310958,0.8312945247312458,0.5078883767127991,0.7258434547908232,0.9087878333832785,0.8638310893512853
67,90.1275435692727,93.4926529953173,90.45461646617716,91.94854692710815,68.28714220808723,76.08779360800925,71.82842602689931,73.89678384442782,56.310211946050096,77.12918660287082,54.681139755766615,63.99364827312426,56.3723103884724,33.75523318080031,3.9236685814428975,5.948787849284392,44.88868696047251,23.39845524761472,14.107223989095866,17.6056338028169,38.824662813102115,17.485549132947977,11.51252408477842,32.177263969171484,0.5894282739128279,0.8289517953046062,0.5038473606109619,0.7156641604010026,0.9089283038657477,0.8634181571708718
68,90.63382338623308,93.79932356257046,90.98578347133261,92.37113402061856,68.99136756019992,76.59247889485802,72.55543438749545,74.51932051521374,55.539499036608866,77.25024727992087,52.98507462686567,62.857142857142854,56.70333949956188,33.93048388667121,3.748417875571999,5.617758738194918,45.3430258973194,23.648341662880508,13.857337573830078,17.151294865970012,37.62042389210019,17.91907514450867,11.078998073217726,33.38150289017341,0.601602753372972,0.8321933689560386,0.5056254267692566,0.7240312319259687,0.911197682549196,0.8701278938155591
69,88.72553792230552,93.18069510788996,88.37681612248086,90.7152020525978,68.40072694229895,77.35317779565567,69.90185387131952,73.4389917891923,57.5626204238921,77.1769019248396,57.12347354138399,65.65302144249512,55.077402395092975,33.64813552721254,4.0307662350306686,7.243695842663811,43.68468877782826,24.716038164470692,12.78964107223989,18.809631985461152,40.55876685934489,17.003853564547207,11.99421965317919,30.443159922928707,0.5982973985403697,0.8306262032376682,0.500161349773407,0.7067861962598806,0.9122246778543603,0.8667808399468289
70,90.6532956868854,93.18939514208604,91.70442118418997,92.44094488188975,70.69513857337574,76.43865363735071,76.77208287895311,76.6050054406964,60.9344894026975,75.91868647380767,65.8751696065129,70.54122775154377,57.15120241456528,33.502093272320124,4.176808489923085,5.16989582319151,47.97819173103135,22.716946842344388,14.788732394366196,14.516129032258066,46.772639691714836,14.16184971098266,14.836223506743737,24.229287090558767,0.6034689884915501,0.8347226637174021,0.5187857747077942,0.7066512434933486,0.915561632204575,0.8699987496874219
71,87.72271443871094,90.05610972568579,90.26714575847524,90.16150425216509,70.37710131758291,75.7748485928037,77.31733914940023,76.53832313781936,59.97109826589595,75.25530243519246,64.9932157394844,69.748816891154,56.25547658455846,31.46723785415247,6.211663908090741,6.065621653198326,48.31894593366651,22.058155383916404,15.447523852794184,14.1753748296229,46.14643545279383,13.82466281310212,15.173410404624278,24.85549132947977,0.5748285903613914,0.8134422886569106,0.5257050395011902,0.7020050125313283,0.8906796274098493,0.8424186638764954
72,87.42089377859995,92.18827415359208,87.20512419934386,89.62748876043673,69.01408450704226,77.44360902255639,71.13776808433298,74.15687760515347,57.22543352601156,76.16071428571428,57.869742198100404,65.76715497301466,54.3471911206309,33.07370265796904,4.60519910427417,7.973907117125889,44.45706497046797,24.557019536574284,12.948659700136304,18.037255792821444,41.088631984585746,16.136801541425818,12.861271676300579,29.91329479768786,0.5865472171008443,0.8252098220251087,0.526168942451477,0.7115191825718141,0.8935826840475478,0.8587492267803792
73,89.31944309220134,93.31917673962758,89.25167942508982,91.24011818254412,69.17310313493866,77.57120253164557,71.2831697564522,74.29437393445728,56.06936416184971,75.22441651705566,56.852103120759836,64.76043276661515,55.622626813358,33.69681627884334,3.982085483399864,6.698471424398793,44.547932757837344,24.62517037710132,12.880508859609268,17.946388005452068,40.36608863198459,15.703275529865124,13.294797687861271,30.63583815028902,0.5861702511303344,0.8337400622086305,0.5324897766113281,0.7307499518025834,0.9172191838977125,0.8576083165528223
74,89.84519520981405,92.97401347449471,90.54835182002812,91.74515235457065,69.78646069968197,76.66041275797373,74.2639040348964,75.44313146233382,58.52601156069365,76.26392459297342,60.379918588873814,67.39871260886028,56.43072729042936,33.41446791938468,4.2644338428585336,5.890370947327426,46.410722398909584,23.375738300772376,14.12994093593821,16.083598364379828,42.870905587668595,15.65510597302505,13.342967244701349,28.13102119460501,0.6077254921406258,0.8323771446867542,0.49626922607421875,0.7168016194331983,0.9051199930076915,0.858213731064345
