,training set Accuracy,training set Precittion,training set Recall,training set F1 score,development set Accuracy,development set Precittion,development set Recall,development set F1 score,test set Accuracy,test set Precittion,test set Recall,test set F1 score,training set True positive ratio,training set True negative ratio,training set False positive ratio,training set False negative ratio,development set True positive ratio,development set True negative ratio,development set False positive ratio,development set False negative ratio,test set True positive ratio,test set True negative ratio,test set False positive ratio,test set False negative ratio,test AUC score,whole AUC score,loss,hek293 AUC score,hela AUC score,hl60 AUC score
0,60.87701267557383,71.95734002509411,62.26927252985885,66.76367869615832,60.13855582200905,71.19617224880382,62.468513853904284,66.5474060822898,60.202878037272946,72.11497211497212,61.84694628403238,66.5874430580313,39.29427886262419,21.58273381294964,15.313463514902365,23.809523809523807,39.64828137490008,20.49027444710898,16.04050093258726,23.82094324540368,39.655579146025005,20.547298891247937,15.33380514272234,24.463316820004717,0.6115323658624728,0.6257152414034165,0.6244955062866211,0.46279159437054185,0.677356016635738,0.6461995826544321
1,63.800388260819915,73.08898471187769,67.48099891422366,70.17312758750471,62.7498001598721,71.65492957746478,68.34592779177162,69.96132359260852,62.491153573956126,71.77606177606177,68.39587932303164,70.04521477015825,42.58307639602604,21.217311864793878,15.678885463058126,20.52072627612196,43.37863042899014,19.371169730881963,17.15960564881428,20.090594191313617,43.85468270818589,18.63647086577023,17.244633168200046,20.26421325784383,0.6103181894487719,0.6375442997569832,0.6272897720336914,0.48736263736263735,0.6900779471183586,0.6838178543864163
2,67.71725476761448,72.97021276595744,77.57871878393051,75.2039294798702,65.62749800159871,70.93558282208589,77.66582703610412,74.14829659318639,67.61028544468036,71.47876077930374,82.33995584988962,76.52590186356642,48.95512161699212,18.762133150622358,18.134064177229643,14.148681055155876,49.29389821476152,16.333599786837198,20.197175592859047,14.175326405542233,52.795470629865534,14.814814814814813,21.06628921915546,11.323425336164188,0.6056770094807113,0.643086090192155,0.6236760020256042,0.48702525544630804,0.7079516589673733,0.6933224709144441
3,66.24414753911157,76.81552587646077,66.61237785016286,71.35103702267881,63.895550226485476,74.41749881122206,65.7010915197313,69.78818283166109,66.07690493040812,74.37166793602438,71.8543046357616,73.09131736526946,42.034943473792396,24.209204065319174,12.68699326253283,21.068859198355604,41.699973354649615,22.195576871835865,14.335198507860378,21.769251265654145,46.07218683651805,20.004718093890066,15.876385940080207,18.046709129511676,0.6562806749171157,0.6759031531255292,0.6168711185455322,0.49835164835164836,0.7260408852213054,0.7021839179029814
4,64.04019641429713,81.36711533386118,55.79080709373869,66.19431025228127,58.61977084998667,75.85776668746101,51.04953820319059,61.028858218318696,61.028544468034916,80.49199084668193,51.76600441501103,63.00940438871474,35.20612081763161,28.834075596665524,8.06212173118648,27.89768185451639,32.40074606981082,26.219024780175857,10.311750599520384,31.06847855049294,33.19179051663128,27.83675395140363,8.044350082566643,30.927105449398447,0.6763110178375927,0.6834716408241748,0.6066474318504333,0.48557933294775396,0.7398050170437347,0.7308549867078294
5,68.43667922804613,79.5464270432178,67.2819399203764,72.90196078431373,62.48334665600853,74.39879759519037,62.342569269521405,67.8391959798995,66.14767633875914,77.49678525503644,66.51949963208241,71.58978420114829,42.457462601347494,25.979216626698644,10.916980701153363,20.646340070800502,39.568345323741006,22.915001332267522,13.615774047428724,23.90087929656275,42.651568766218446,23.496107572540694,12.384996461429584,21.467327199811276,0.6924015463665658,0.7017685382404296,0.6062458753585815,0.49786003470213996,0.7304046406338427,0.723694365834834
6,69.20178143199726,78.80268784361637,70.03257328990227,74.15924116125323,62.85638156141753,73.2799245994345,65.28127623845508,69.04973357015986,67.20924746402453,75.57781201849,72.18543046357617,73.84267971396311,44.19321685508736,25.008564576909905,11.887632750942103,18.91058581706064,41.43351985078604,21.422861710631494,15.107913669064748,22.035704769517718,46.28450106157113,20.924746402453408,14.956357631516868,17.8343949044586,0.6880407191156044,0.6988475385041433,0.6110104918479919,0.48358395989974934,0.7449000407996735,0.7683160392190492
7,68.5508735868448,80.24879965080751,66.53999276149113,72.75425405619312,62.13695710098588,74.7552807831015,60.915197313182205,67.12930835068241,65.93536211370606,77.33905579399142,66.29874908020604,71.39461172741682,41.989265730272926,26.561607856571882,10.334589471280118,21.11453694187507,38.66240341060485,23.47455369038103,13.056221689315214,24.806821209698906,42.5100259495164,23.425336164189666,12.455767869780608,21.60887001651333,0.6995261095702596,0.7091712558342301,0.5969541668891907,0.49224021592442646,0.7530435240389045,0.7753337335277135
8,72.3878040424803,81.4574898785425,72.81939920376402,76.89661761895663,63.36264321875833,73.87387387387388,65.40722082283796,69.3832108661768,69.04930408115122,78.34677419354838,71.48638704930096,74.75952289342054,45.95180998058696,26.435994061893343,10.460203265958661,17.151992691561038,41.513455901945115,21.849187316813214,14.681588062883028,21.955768718358645,45.836282142014625,23.21302193913659,12.668082094833688,18.282613824015097,0.7161206198818696,0.7261154027977622,0.5873662233352661,0.5016483516483516,0.774986509785341,0.8002029557213505
9,73.11864793879182,82.02746365105008,73.50705754614549,77.53388051154802,62.98960831334932,72.97547431744563,66.2048698572628,69.42548976447281,67.61028544468036,79.20104211897525,67.10816777041943,72.6548496315475,46.38574854402193,26.7328993947699,10.163297933082106,16.71805412812607,42.01971755928591,20.969890754063417,15.560884625632825,21.449507061017854,43.02901627742392,24.58126916725643,11.299834866713848,21.0898796886058,0.708827095183013,0.7193829893912974,0.5848687291145325,0.5000289184499711,0.7642946920940762,0.8048051910928165
10,71.59986296676945,83.28587075575027,68.80202678248281,75.35427608760281,61.55075939248601,74.8281332628239,59.40386230058774,66.22981511818395,67.94055201698514,78.87802804929876,68.28550404709345,73.20055215933742,43.41669521525637,28.18316775151308,8.71302957633893,19.687107456891628,37.70317079669598,23.847588595790032,12.683186783906208,25.76605382360778,43.78391129983486,24.15664071715027,11.724463316820005,20.33498466619486,0.7148793515748857,0.7314412871045384,0.5812605023384094,0.5133314054366686,0.7655680367460286,0.7919275076465712
11,74.74020783373302,83.17981577893472,75.17191458559537,78.97338403041823,62.88302691180389,72.9041222788328,66.07892527287993,69.32393745870952,69.92215145081387,77.80346820809248,74.28256070640177,76.00225861095427,47.43633664496974,27.303871188763274,9.59232613908873,15.667466027178257,41.939781508126835,20.943245403677057,15.587529976019185,21.529443112176924,47.62915782024063,22.29299363057325,13.588110403397028,16.4897381457891,0.7165012367933068,0.7338061181871761,0.5779076218605042,0.5580296896086369,0.7730139771785052,0.8063202126747278
12,73.92942788626242,84.34653675068841,72.05935577271082,77.72030838294135,61.89714894750866,73.91959798994975,61.75482787573468,67.291857273559,67.39797121962727,78.25719120135363,68.06475349521706,72.805981896891,45.472193673632525,28.457234212629896,8.438963115222107,17.631608998515475,39.195310418332,22.70183852917666,13.828936850519586,24.273914201971756,43.64236848313281,23.755602736494456,12.12550129747582,20.47652748289691,0.6997934001245261,0.7282063224322985,0.5728960633277893,0.5473780605359553,0.773561811505508,0.8174256067232656
13,76.7842868562293,84.25181408119239,77.74158523344191,80.86588235294118,63.86890487609912,73.59705611775529,67.17044500419816,70.23705004389815,71.17244633168201,78.5060975609756,75.79102281089037,77.12467240733807,49.05789653991093,27.726390316318373,9.16980701153363,14.045906132237068,42.63256061817213,21.23634425792699,15.29443112176925,20.836664002131627,48.59636706770465,22.576079263977352,13.305024769992924,15.522528898325078,0.7265635771748864,0.7470039960347354,0.5733168125152588,0.562753036437247,0.7843194351219385,0.8128948346339651
14,75.53956834532374,83.9214113873296,75.75099529496924,79.6271637816245,64.18864908073542,74.62049335863378,66.0369437447523,70.06681514476614,70.79499882047654,78.5935085007728,74.83443708609272,76.66792310591782,47.8017585931255,27.73780975219824,9.158387575653764,15.302044079022497,41.913136157740475,22.275512922994935,14.255262456701306,21.556088462563284,47.983014861995755,22.811983958480774,13.0691200754895,16.13588110403397,0.716941480059157,0.7419590625073871,0.5679666996002197,0.5637459032195874,0.7812117503059975,0.8136094674556213
15,77.1725476761448,84.22278284494469,78.53782120883098,81.28101882198708,63.549160671462836,72.75583482944344,68.05205709487825,70.32537960954447,70.79499882047654,78.68217054263566,74.68727005150846,76.63269158172895,49.5603517186251,27.6121959575197,9.284001370332305,13.543450953522896,43.19211297628564,20.35704769517719,16.17372768451905,20.27711164401812,47.88865298419439,22.906345836282142,12.974758197688132,16.23024298183534,0.7330430146697764,0.7503702104228274,0.5635905861854553,0.5519278966647388,0.787120299811795,0.8526427121744848
16,77.81203608541738,82.80534700604285,81.83134274339487,82.31546372986257,64.3218758326672,71.7201166180758,72.29219143576826,72.00501777127326,71.24321774003303,77.2843101565344,78.10890360559235,77.69441903019214,51.63868904876099,26.17334703665639,10.722850291195615,11.465113623387005,45.88329336530775,18.438582467359446,18.092192912336795,17.585931254996005,50.0825666430762,21.16065109695683,14.720452937013448,14.036329322953527,0.7289535901354547,0.7468174537545902,0.5721223950386047,0.5849720454983613,0.786654722891249,0.8078066489437726
17,76.19047619047619,83.54455059465784,77.54252623959465,80.43172219615204,63.60245137223555,73.15405651777576,67.38035264483628,70.1486013986014,68.20004718093891,78.92736486486487,68.76379690949227,73.4958710184821,48.932282745232385,27.258193445243805,9.6380038826082,14.171519926915611,42.76578737010392,20.836664002131627,15.694111377564615,20.70343725019984,44.090587402689316,24.109459778249587,11.771644255720688,20.02830856334041,0.7216178552992953,0.7424777982102823,0.5704866647720337,0.5543281280123386,0.7672798133743962,0.8378783980790672
18,75.88215142171977,85.99746942218474,73.79659790083242,79.43124269575381,61.60405009325872,73.82278481012659,61.20906801007556,66.92678448473721,67.96414248643548,81.39427516158818,64.86387049300957,72.1949221949222,46.56845951809981,29.313691903619958,7.582505424232043,16.535343154048192,38.84892086330935,22.755129229949375,13.775646149746871,24.620303756994407,41.58999764095305,26.374144845482423,9.506959188487851,22.528898325076668,0.7227922404947367,0.7467855154783982,0.5624878406524658,0.5691632928475034,0.7925731432858214,0.827344710287854
19,79.15952951924174,84.06037180195104,82.64567499095186,83.34702071356875,63.442579269917395,70.8505367464905,72.04030226700252,71.44046627810158,71.6206652512385,78.63894139886578,76.52685798381162,77.56852507924668,52.15256366335503,27.006965855886715,9.889231471965285,10.951239008792966,45.72342126298961,17.719158006927792,18.811617372768453,17.74580335731415,49.068176456711484,22.55248879452701,13.328615239443264,15.050719509318236,0.7292655097460666,0.7529188172361808,0.5700480341911316,0.5848081742818585,0.7927393032468644,0.8258153960495097
20,77.22964485554414,85.53319919517102,76.9272529858849,81.00228658536585,62.69650945909939,72.75254865616311,65.91099916036943,69.16299559471365,68.86058032554848,79.69413763806287,69.02133922001472,73.97476340694007,48.54402192531689,28.685622930227243,8.210574397624757,14.559780746831105,41.8332001065814,20.863309352517987,15.667466027178257,21.636024513722354,44.25572068884171,24.60485963670677,11.276244397263506,19.863175277188017,0.7238207648718771,0.7509702980486697,0.5677065849304199,0.572450356660883,0.7811862505099959,0.8308178258011034
21,79.59346808267671,84.66530687928795,82.62757871878394,83.63403242055134,64.77484678923527,72.41962774957699,71.87237615449203,72.14496418036241,71.26680820948337,78.53881278538812,75.93818984547461,77.21661054994388,52.141144227475166,27.452323855201556,9.44387347265045,10.962658444672833,45.61683986144418,19.1580069277911,17.372768451905145,17.85238475885958,48.69072894550602,22.576079263977352,13.305024769992924,15.42816702052371,0.726219002157192,0.7588130122746573,0.5679395794868469,0.5825332562174668,0.784812156986615,0.852099591230026
22,79.19378782688136,87.78049775601795,77.86825913861745,82.52780974299962,62.803090860644815,74.57627118644068,62.80436607892528,68.18596171376483,70.08728473696627,81.52173913043478,68.98454746136865,74.73096851335194,49.13783259107,30.05595523581135,6.840242092040653,13.965970081077995,39.86144417799094,22.941646682653875,13.589128697042366,23.607780442312816,44.232130219391365,25.855154517574903,10.025949516395375,19.886765746638357,0.737090591904652,0.7680159773762654,0.5566926598548889,0.5830537883169462,0.8014306208130979,0.8665494668839151
23,80.90670320886149,84.73323720259553,85.07057546145495,84.90157124796822,65.49427124966694,71.67929796569605,75.44080604534005,73.51196563714461,72.70582684595423,78.08564231738035,79.83811626195732,78.95215572130253,53.68276807125728,27.223935137604204,9.672262190247801,9.421034600890716,47.88169464428457,17.612576605382362,18.918198774313883,15.587529976019185,51.191318707242274,21.51450813871196,14.366595895258316,12.927577258787451,0.7318226700125154,0.7640348435834451,0.5622527599334717,0.6180933101985735,0.7922194364380568,0.8316325072177915
24,74.82014388489209,84.87712665406427,73.1270358306189,78.56517935258093,61.524114042099654,73.42657342657343,61.712846347607055,67.06204379562045,66.78461901391837,79.5045045045045,64.93745401030169,71.48643175374646,46.14594039054471,28.674203494347378,8.221993833504625,16.95786228160329,39.168665067945646,22.35544897415401,14.175326405542233,24.300559552358113,41.63717857985374,25.147440434064638,10.733663599905638,22.481717386175983,0.71413093802294,0.7443662217962965,0.5531753301620483,0.6028532870638135,0.781718455929772,0.8169396564045392
25,81.26070572113737,85.04419989175537,85.30582699963809,85.17481253952481,64.00213162803091,71.22272540139976,72.62804366078926,71.91852005819996,72.13965557914602,77.73367015517863,79.24944812362031,78.48424120969212,53.83122073769556,27.429484983441814,9.466712344410185,9.272581934452438,46.09645616839862,17.905675459632295,18.62509992006395,17.372768451905145,50.8138711960368,21.325784383109223,14.555319650861051,13.305024769992924,0.7329203754742896,0.7669665867533495,0.553283154964447,0.6225853094274147,0.7990517366183651,0.8487408169682417
26,81.61470823341327,87.56715272448197,82.59138617444806,85.00651890482398,64.6416200373035,74.01001365498406,68.26196473551637,71.01987333478927,71.80938900684124,80.57005218787636,73.84105960264901,77.05893645613361,52.118305355715435,29.496402877697843,7.399794450154163,10.985497316432568,43.32533972821743,21.316280309086064,15.214495070610178,20.14388489208633,47.346072186836516,24.463316820004717,11.417787213965557,16.772823779193207,0.7411237765712209,0.7726207144650789,0.549149215221405,0.6081357239251977,0.802878351166739,0.8717662864820055
27,82.3798104373644,87.61095372993391,83.94860658704307,85.74068940024029,62.45670130562216,71.90454750112562,67.04450041981528,69.389528568325,71.88016041519226,80.01573564122738,74.83443708609272,77.33840304182509,52.9747630467055,29.4050473906589,7.491149937193102,10.129039625442502,42.55262456701306,19.904076738609113,16.62669864108713,20.9166000532907,47.983014861995755,23.89714555319651,11.983958480773767,16.13588110403397,0.7376095709853563,0.7713800784279876,0.5509301424026489,0.6216888374783112,0.8138210539476974,0.8448532144184318
28,81.93445243804956,85.20171367368798,86.37350705754615,85.78360891445004,64.93471889155342,71.3884430176565,74.68513853904281,72.99958965941732,73.27199811276245,79.21120530777736,79.06548933039,79.13828024304917,54.504967454607744,27.429484983441814,9.466712344410185,8.598835217540254,47.40207833733013,17.53264055422329,18.998134825472953,16.06714628297362,50.69591884878509,22.576079263977352,13.305024769992924,13.422977117244633,0.7436827510269521,0.7741774210896337,0.5474486947059631,0.6113456718719876,0.8092384938339848,0.8415801960952464
29,81.19218910585818,86.27267626706563,83.4781035106768,84.85238664581992,63.229416466826535,71.483704974271,69.98320738874895,70.72549851506152,71.69143665958953,79.57911145752144,75.12877115526122,77.28993186979561,52.677857713828935,28.514331392029234,8.38186593582277,10.425944958319059,44.41779909405808,18.811617372768453,17.719158006927792,19.05142552624567,48.17173861759849,23.519698041991035,12.361405991979241,15.947157348431235,0.7331159450789269,0.7645474621381573,0.5546735525131226,0.6420667052246,0.8006672720811782,0.8746105251121975
30,79.61630695443645,87.10573298948621,79.46073108939558,83.10778839784234,61.89714894750866,72.84069097888676,63.72795969773299,67.98029556650246,71.12526539278132,80.24291497975709,72.92126563649742,76.40709329221279,50.142742948498345,29.47356400593811,7.422633321913898,12.961059723649651,40.44764188649081,21.449507061017854,15.08126831867839,23.021582733812952,46.75631045057796,24.36895494220335,11.512149091766927,17.36258551545176,0.7424857489384573,0.7727175667496908,0.5503342747688293,0.6320030846346636,0.7982340979981838,0.8554011948660778
31,81.69464428457233,85.99743072123326,84.79913137893594,85.39407744874715,62.98960831334932,71.2088850918411,69.98320738874895,70.59072623332628,72.77659825430526,78.87740029542097,78.58719646799118,78.73203096203466,53.511476533059266,28.18316775151308,8.71302957633893,9.59232613908873,44.41779909405808,18.571809219291232,17.95896616040501,19.05142552624567,50.38924274593064,22.38735550837462,13.493748525595658,13.729653220099081,0.7424787340732322,0.7717982500591196,0.5461669564247131,0.620088683246578,0.7997854726839606,0.8229568647628849
32,82.28845495032544,86.4745824922004,85.26963445530221,85.86788154897495,64.21529443112178,72.49891728020789,70.27707808564232,71.37070986996376,73.27199811276245,78.84965416818346,79.69094922737307,79.26806953339432,53.80838186593583,28.48007308438963,8.416124243462372,9.295420806212174,44.60431654676259,19.61097788435918,16.919797495337065,18.864908073541166,51.09695682944091,22.17504128332154,13.706062750648737,13.021939136588816,0.7483167951838354,0.7805498756758795,0.539326012134552,0.6303932909196068,0.805646312894013,0.8330046022353714
33,83.68162612766929,85.78165938864629,88.87079261672095,87.2989067638432,63.84225952571276,70.26492684855674,74.60117548278757,72.36815312563633,74.12125501297476,77.40953669259385,84.21633554083886,80.66960352422909,56.08084960602946,27.60077652163983,9.295420806212174,7.022953066118534,47.34878763655742,16.49347188915534,20.0373034905409,16.120436983746337,53.99858457183298,20.12267044114178,15.758433592828498,10.120311394196744,0.738361129132058,0.7758758980027327,0.5464615225791931,0.6335164835164835,0.809461411405483,0.8540719778177973
34,83.40755966655247,89.11081236796619,83.96670285921101,86.46231249417684,62.98960831334932,72.91185971389017,66.33081444164569,69.46581666300287,71.73861759849021,81.79916317991632,71.92788815305371,76.5465935787001,52.98618248258536,30.421377183967113,6.474820143884892,10.117620189562636,42.099653610444975,20.889954702904344,15.6408206767919,21.369571009858777,46.11936777541873,25.619249823071478,10.261854210898797,17.999528190610995,0.7500376141911207,0.7859364319486168,0.5289809107780457,0.626412184306921,0.8118024571932457,0.8724380413343624
35,84.20692017814319,88.21250691754288,86.53637350705755,87.3664017539052,63.92219557687183,72.23183391003461,70.10915197313182,71.15466553046441,74.19202642132578,80.43478260869566,78.9551140544518,79.68808020794653,54.60774237752655,29.59917780061665,7.297019527235355,8.496060294621445,44.49773514521716,19.424460431654676,17.106314948041568,18.971489475086596,50.62514744043406,23.56687898089172,12.314225053078557,13.493748525595658,0.7556422496140616,0.7876646338983642,0.5306326746940613,0.6365432812801234,0.8104369842460615,0.873767258382643
36,84.92634463857486,88.53059728838403,87.44118711545423,87.98252002913328,64.77484678923527,72.47667514843087,71.74643157010915,72.1097046413502,74.78178815758434,79.94914638576098,80.97866077998528,80.46061049168341,55.17871417151993,29.747630467054925,7.148566860797077,7.925088500628069,45.536903810285104,19.237942978950173,17.292832400746068,17.932320810018652,51.92262326020288,22.859164897381458,13.021939136588816,12.196272705826846,0.7542228279195506,0.7899471447657546,0.5292537212371826,0.633815307499518,0.8144256458851555,0.8661635651602206
37,82.24277720680598,88.74146341463415,82.30184581976113,85.4004318843301,63.20277111644018,73.28990228013029,66.12090680100756,69.52107702493932,73.20122670441141,79.6921921921922,78.10890360559235,78.8926049795615,51.93559438163755,30.30718282516844,6.589014502683567,11.16820829051045,41.96642685851319,21.23634425792699,15.29443112176925,21.502797761790568,50.0825666430762,23.11866006133522,12.762443972635054,14.036329322953527,0.7533065413860116,0.7866717116232487,0.5426079034805298,0.6345479082321188,0.8190666087574525,0.8611897207214934
38,84.36679228046134,89.5980186702229,85.10676800579081,87.29466357308584,62.98960831334932,72.6815897670169,66.79261125104954,69.61277619776854,73.86175984902098,80.7017543859649,77.8513612950699,79.250936329588,53.70560694301702,30.66118533744433,6.235011990407674,9.39819572913098,42.39275246469491,20.59685584865441,15.933919531041832,21.076472155608847,49.9174333569238,23.944326492097193,11.936777541873084,14.201462609105922,0.7611022336782229,0.7946636735060995,0.5423683524131775,0.6437921727395411,0.8188988036482805,0.8791984678272304
39,85.89699668836359,87.67339771729587,90.3546869344915,88.99385081543534,64.93471889155342,70.8203125,76.11251049538204,73.37110481586403,75.51309271054494,78.37837837837837,85.3568800588668,81.71891511095455,57.0172433481786,28.879753340184994,8.016443987667008,6.0865593239693965,48.30802025046629,16.62669864108713,19.904076738609113,15.161204369837463,54.72988912479359,20.783203585751355,15.09790044821892,9.38900684123614,0.7540680171007901,0.7926604611733385,0.5301710963249207,0.6500867553499132,0.813427040970769,0.8524997856101535
40,85.10905561265274,89.75517890772127,86.24683315237061,87.96603912882982,62.72315480948575,72.41222070223439,66.66666666666666,69.4207650273224,73.74380750176928,80.80614203454894,77.44665194996321,79.09073830546684,54.42503140344866,30.684024209204065,6.2121731186479385,8.678771268699325,42.312816413535835,20.410338395949907,16.120436983746337,21.156408206767917,49.65793819297004,24.085869308799246,11.79523472517103,14.460957773059684,0.7612107221973072,0.7961179486380261,0.528255045413971,0.6542220936957779,0.8146197733643938,0.8741388674499043
41,83.6473678200297,89.99609222352481,83.35142960550127,86.54641112363774,62.66986410871303,73.7991266375546,63.85390428211587,68.4672518568535,73.05968388770937,80.80531665363566,76.0485651214128,78.35481425322214,52.59792166266987,31.049446157359828,5.846751170492177,10.505881009478133,40.52757793764988,22.142286171063148,14.388489208633093,22.941646682653875,48.76150035385704,24.298183533852324,11.582920500117952,15.357395612172683,0.7570789665797306,0.7937187892878838,0.5248632431030273,0.6600636205899364,0.8236031047235493,0.8700797530228968
42,85.04053899737353,90.07604562737642,85.74013753166848,87.85462636751345,63.6290967226219,73.7062937062937,66.3727959697733,69.84758117958914,74.09766454352442,80.65859197577593,78.40323767476085,79.51492537313433,54.10528719881238,30.935251798561154,5.960945529290853,8.998515473335617,42.126298960831335,21.502797761790568,15.027977617905675,21.34292565947242,50.271290398678936,23.826374144845484,12.054729889124793,13.84760556735079,0.758656948417519,0.7972530408143813,0.5304955244064331,0.6531231925968768,0.8223865176820522,0.8797844667409884
43,85.78280232956492,89.15310042070605,88.20123054650742,88.67461111616483,63.81561417532641,71.4585079631182,71.57850545759865,71.51845637583892,75.11205472988912,80.6036069193964,80.5739514348786,80.58877644894204,55.65833047847436,30.124471851090558,6.771725476761448,7.445472193673633,45.43032240873968,18.385291766586732,18.145483613109512,18.038902211564082,51.66312809624911,23.44892663364001,12.432177400330266,12.455767869780608,0.7634081892020421,0.7970586676623785,0.5240291953086853,0.6569018700597647,0.8263373409141759,0.8806277334705429
44,85.69144684252598,87.25370531822144,90.55374592833876,88.87310185596306,65.17452704503064,70.76091154886056,76.91015952980689,73.70750352041841,75.7725878744987,77.9874213836478,86.68138337012509,82.10489632340128,57.14285714285714,28.548589699668835,8.347607628183168,5.960945529290853,48.814281907807086,16.360245137223554,20.17053024247269,14.654942712496668,55.5791460250059,20.193441849492803,15.687662184477471,8.539749941023826,0.7580193213577489,0.7957578975994928,0.5330175757408142,0.6524195103142472,0.8269320619628591,0.893019466598062
45,87.05035971223022,89.68196602818938,89.81179876945349,89.74683544303798,64.00213162803091,71.48812005002084,71.9983207388749,71.74231332357247,74.97051191318708,79.89895344640924,81.45695364238411,80.67043177263619,56.67466027178257,30.37569944044764,6.520497887404362,6.429142400365421,45.69677591260325,18.305355715427655,18.225419664268586,17.772448707700505,52.22929936305732,22.741212550129745,13.139891483840529,11.8895966029724,0.7600059795678746,0.8024015662481462,0.5239134430885315,0.6849045691150955,0.8317819586475566,0.8951919503758969
46,87.56423432682425,89.79372197309416,90.58993847267462,90.19007296639943,65.09459099387158,72.03947368421053,73.55163727959699,72.78770253427503,76.48030195800897,80.2035802035802,84.0691685062546,82.09089276091251,57.16569601461687,30.39853831220738,6.4976590156446274,5.938106657531118,46.682653876898485,18.411937116973085,18.118838262723155,16.786570743405278,53.90422269403161,22.576079263977352,13.305024769992924,10.214673271998114,0.7670168535765411,0.8077008071469439,0.520855188369751,0.6886543281280123,0.8300923915189324,0.8839007517937284
47,88.22656160785657,90.299444145598,91.13282663771263,90.71422138160857,64.10871302957634,71.1138310893513,73.17380352644837,72.12911235257604,75.96131163010143,79.14236706689537,84.87858719646799,81.91017219953844,57.5082790910129,30.71828251684367,6.177914811008336,5.595523581135091,46.442845723421264,17.665867306155075,18.864908073541166,17.026378896882495,54.423213021939134,21.538098608162304,14.343005425807972,9.695682944090587,0.764506499393577,0.8062709775531709,0.5210971236228943,0.6833526122999807,0.8348402890196233,0.877197495926593
48,86.0682882265616,87.24913494809688,91.25950054288816,89.20926941447019,64.45510258459899,70.29434546862898,76.19647355163728,73.12651087832394,75.30077848549186,77.56516001319696,86.49742457689477,81.78813706731606,57.588215142171975,28.48007308438963,8.416124243462372,5.515587529976019,48.361310951239005,16.093791633359977,20.436983746336264,15.107913669064748,55.46119367775418,19.839584807737673,16.0415192262326,8.657702288275537,0.74831256207551,0.7948118145431908,0.5257066488265991,0.6706670522459995,0.8220813427040969,0.8685504387845524
49,87.27874842982757,89.66199208917655,90.24610930148388,89.95310245310245,63.41593391953104,70.92492741600995,71.78841309823679,71.35405800125181,75.9377211606511,79.52016689847011,84.14275202354673,81.76617804790848,56.94872673289939,30.33002169692817,6.566175630923832,6.155075939248602,45.563549160671464,17.85238475885958,18.678390620836662,17.905675459632295,53.95140363293229,21.986317527718803,13.894786506251474,10.16749233309743,0.7627134756528541,0.8013598758544758,0.5222482681274414,0.6679101600154231,0.8264615495979258,0.8698510705199668
50,82.03722736096837,90.92979913025471,79.46073108939558,84.8092708836311,61.12443378630429,74.37929212889594,59.109991603694375,65.87134502923976,71.76220806794055,83.16615787178368,70.16188373804268,76.11255238475353,50.142742948498345,31.894484412470025,5.00171291538198,12.961059723649651,37.51665334399147,23.607780442312816,12.922994937383429,25.952571276312288,44.987025241802314,26.775182826138238,9.105921207832036,19.13187072422741,0.7751805844011652,0.8029243057628546,0.5294486880302429,0.6470021206863312,0.8273170266250772,0.8749821341794586
51,86.39945186707777,89.30190389845875,89.12414042707202,89.21293361108594,64.88142819078071,72.00165425971878,73.08984047019311,72.54166666666667,75.84335928284973,79.86600846262341,83.33333333333334,81.56283759452648,56.24072170834761,30.158730158730158,6.737467169121845,6.863080963800389,46.38955502264855,18.491873168132162,18.038902211564082,17.079669597655208,53.432413305024774,22.41094597782496,13.470158056145317,10.686482661004954,0.7691802138227677,0.8024428954226794,0.5207762122154236,0.6811644495855022,0.8251404956502283,0.8587027985021296
52,85.83989950896425,90.7724505327245,86.33731451321029,88.49935076980152,62.29682920330403,72.35321312991216,65.7010915197313,68.86688668866887,73.83816937957064,80.76481835564053,77.70419426048565,79.20495030939433,54.48212858284801,31.357770926116252,5.538426401735754,8.621674089299988,41.699973354649615,20.59685584865441,15.933919531041832,21.769251265654145,49.82307147912243,24.015097900448218,11.866006133522058,14.295824486907287,0.763953897338173,0.8050144108022812,0.518538236618042,0.6815693078850973,0.8300710045932537,0.8799988565874853
53,88.16946442845723,90.18976011457215,91.16901918204849,90.67674586033117,63.655742073008255,70.60728744939271,73.21578505457599,71.88788128606761,76.12644491625383,80.05637773079634,83.59087564385578,81.78545716342693,57.53111796277264,30.638346465684595,6.257850862167409,5.572684709375357,46.469491073807625,17.186250999200638,19.344524380495603,16.999733546496138,53.59754659117717,22.528898325076668,13.352205708893608,10.521349374852559,0.76620252448067,0.8067584512475123,0.5217899680137634,0.6916329284750338,0.8293923809899844,0.8800703198696509
54,88.32933653077538,90.591204037491,90.95186391603329,90.77117572692795,63.86890487609912,70.92169657422512,73.00587741393787,71.94869673148531,76.05567350790281,80.14159292035399,83.29654157468727,81.68861627277647,57.394084732214225,30.935251798561154,5.960945529290853,5.709717939933768,46.33626432187583,17.53264055422329,18.998134825472953,17.132960298427925,53.40882283557443,22.646850672328377,13.234253361641896,10.710073130455296,0.7685324273030165,0.8101389287348855,0.5210626721382141,0.7087912087912087,0.8315327187059924,0.8945201955235399
55,89.07159986296676,90.72918523801034,92.0919290626131,91.40547822182307,64.3218758326672,70.8850620744894,74.3073047858942,72.55585160893627,76.48030195800897,79.8266897746967,84.73142016188375,82.20596109227199,58.113509192645886,30.958090670320885,5.938106657531118,4.990293479502113,47.16227018385292,17.15960564881428,19.371169730881963,16.30695443645084,54.32885114413777,22.151450813871197,13.729653220099081,9.790044821891955,0.7681048833621427,0.8119832489120775,0.5179113149642944,0.7042220936957779,0.8352589792184888,0.8803132950290141
56,87.86113965970081,91.60917396979302,88.90698516105682,90.2378547157682,63.229416466826535,72.73139745916517,67.29638958858104,69.90841692106412,74.61665487143195,81.24048706240488,78.55040470934512,79.87280209502433,56.10368847778919,31.757451181911613,5.138746145940391,7.000114194358799,42.7124966693312,20.516919797495337,16.013855582200907,20.756727950972557,50.3656522764803,24.25100259495164,11.630101439018636,13.753243689549421,0.7662987974585869,0.8101237741918994,0.5145612955093384,0.6987468671679199,0.8359565220252432,0.8898893748392076
57,89.42560237524266,91.56125767979762,91.69381107491856,91.62748643761302,63.895550226485476,71.29821650767316,72.16624685138538,71.72960567494263,76.7869780608634,80.46380885453269,84.25312729948492,82.31488138030196,57.8622816032888,31.56332077195387,5.332876555898139,5.241521068859199,45.80335731414868,18.092192912336795,18.438582467359446,17.665867306155075,54.022175041283326,22.76480301958009,13.116301014390185,10.096720924746402,0.7721231916765963,0.8151640122700771,0.5069746971130371,0.6953441295546557,0.8372578341953909,0.8856301632221365
58,89.07159986296676,90.51250221670509,92.3633731451321,91.42857142857143,64.6416200373035,70.87455480807282,75.18891687657431,72.96801792625789,76.90493040811512,80.37024100593783,84.65783664459161,82.45834079913995,58.2848007308439,30.786799132122873,6.10939819572913,4.8190019413041,47.721822541966425,16.919797495337065,19.61097788435918,15.74740207833733,54.281670205237084,22.623260202878036,13.25784383109224,9.83722576079264,0.7715153173210568,0.8149598486070377,0.5175617933273315,0.7116637748216695,0.8351619154788696,0.9063831003630335
59,87.8268813520612,89.12280701754386,91.92906261310169,90.50418670942454,64.02877697841727,70.44374009508716,74.64315701091519,72.48267427639624,76.15003538570417,79.06026557711951,85.43046357615894,82.12201591511938,58.010734269727074,29.816147082334133,7.080050245517872,5.09306840242092,47.37543298694378,16.653343991473488,19.877431388222753,16.093791633359977,54.77707006369427,21.372965322009907,14.508138711960367,9.341825902335456,0.7613900850443557,0.8067468932187847,0.5182895660400391,0.7085887796414113,0.8284250338900515,0.8863162107309265
60,85.72570515016558,90.72380952380954,86.19254433586681,88.40014847809948,62.53663735678124,72.82507015902712,65.36523929471034,68.89380530973452,73.38995046001415,81.25,76.0485651214128,78.56328392246294,54.39077309580907,31.334932054356514,5.561265273495489,8.71302957633893,41.48681055155875,21.049826805222487,15.480948574473755,21.982414068745005,48.76150035385704,24.628450106157114,11.252653927813164,15.357395612172683,0.7636644736746622,0.8051819253702388,0.5283207893371582,0.6996722575669944,0.8302371645542965,0.8786839321956379
61,86.57074340527578,89.51671511627907,89.16033297140788,89.33816863100634,63.20277111644018,70.77625570776256,71.57850545759865,71.17512001669797,75.23000707714084,79.72202423378475,82.30316409124356,80.99203475742216,56.26356058010734,30.30718282516844,6.589014502683567,6.840242092040653,45.43032240873968,17.772448707700505,18.758326671995736,18.038902211564082,52.77188016041519,22.458126916725643,13.422977117244633,11.34701580561453,0.7579072044600996,0.8030856724431912,0.5275903344154358,0.7164353190668981,0.8320344888853792,0.8586170425635309
62,88.26081991549617,89.87588652482269,91.73000361925443,90.7934802077736,64.05542232880363,70.3586913677572,74.93702770780857,72.5757267737345,75.84335928284973,78.6342123056119,85.5776306107432,81.95912614517266,57.88512047504854,30.37569944044764,6.520497887404362,5.218682197099463,47.561950439648285,16.49347188915534,20.0373034905409,15.907274180655476,54.87143194149564,20.971927341354093,14.909176692616184,9.247464024534088,0.7595913768438816,0.8062976440157277,0.5293763279914856,0.7110950453055717,0.8372487858806807,0.8665351742274818
63,88.9916638118077,90.25767737380869,92.54433586681144,91.38670478913511,64.80149213962164,70.682261208577,76.11251049538204,73.29694764503739,76.19721632460485,79.19371370003417,85.28329654157469,82.1257750221435,58.39899508964257,30.592668722165122,6.303528605686879,4.704807582505424,48.30802025046629,16.49347188915534,20.0373034905409,15.161204369837463,54.682708185892906,21.51450813871196,14.366595895258316,9.436187780136825,0.7656138805315236,0.8120898917077262,0.5166441202163696,0.7272797378060535,0.8345721298745739,0.8752108166823886
64,88.54630581249286,90.29039729200072,91.7119073470865,90.99560104138612,63.73567812416733,70.60960839725475,73.42569269521411,71.99012142416134,76.10285444680349,79.18521054433413,85.09933774834437,82.0358219542472,57.873701039168665,30.672604773324196,6.223592554527806,5.230101632979331,46.60271782573941,17.132960298427925,19.39781508126832,16.866506794564348,54.56475583864119,21.538098608162304,14.343005425807972,9.554140127388536,0.7589052504572966,0.8077090453163562,0.5298029184341431,0.7187102371312898,0.8286973059054237,0.8895463510848126
65,88.44353088957405,91.70362158167036,89.81179876945349,90.74785152678734,62.45670130562216,71.88484030589294,67.0864819479429,69.4028230184582,75.27718801604152,81.72492401215806,79.13907284768213,80.41121495327104,56.67466027178257,31.768870617791485,5.127326710060523,6.429142400365421,42.579269917399415,19.877431388222753,16.653343991473488,20.889954702904344,50.74309978768577,24.534088228355742,11.34701580561453,13.375796178343949,0.7749796931746329,0.8147098447569232,0.5102695822715759,0.708723732407943,0.8342143101564864,0.877883543435383
66,89.61973278520041,91.33393017009848,92.3090843286283,91.81891818918189,63.682387423394616,70.71980479869866,73.00587741393787,71.84466019417476,76.88133993866478,79.9448656099242,85.3568800588668,82.56227758007118,58.2505424232043,31.369190361996118,5.527006965855887,4.853260248943702,46.33626432187583,17.346123101518785,19.18465227817746,17.132960298427925,54.72988912479359,22.151450813871197,13.729653220099081,9.38900684123614,0.7689313070532293,0.8156611612025625,0.5213605165481567,0.7248987854251012,0.836199181374291,0.8949203899036675
67,89.63115222108028,92.41366642174872,91.04234527687296,91.72288058340929,62.7498001598721,72.28260869565217,67.00251889168766,69.54248366013073,76.00849256900213,82.39999999999999,79.58057395143487,80.96574957888825,57.45118191161357,32.17997030946671,4.7162270183852915,5.65262076053443,42.525979216626695,20.223820943245403,16.30695443645084,20.943245403677057,51.02618542108988,24.982307147912245,10.898796886058031,13.092710544939845,0.7811560401134182,0.8235447435115116,0.5116350054740906,0.7254289570079043,0.8411033679472499,0.9109281651087671
68,89.80244375927829,91.67116387839539,92.21860296778863,91.94406856111861,63.09618971489475,70.8839547549225,71.03274559193954,70.95827217446006,76.31516867185657,80.80517613227893,82.70787343635025,81.74545454545455,58.19344524380495,31.608998515473335,5.287198812378668,4.9103574283430405,45.08393285371702,18.012256861177725,18.51851851851852,18.385291766586732,53.03137532436896,23.283793347487617,12.59731068648266,11.08752064166077,0.7764534196016621,0.819725299163128,0.5068022012710571,0.726547137073453,0.8330980771508667,0.8941057084869795
69,88.2494004796163,90.57931781266919,90.82519001085775,90.70208728652752,62.803090860644815,70.50748752079868,71.15869017632241,70.83159214375262,76.05567350790281,80.59647862019403,82.52391464311995,81.54880930739866,57.31414868105516,30.935251798561154,5.960945529290853,5.78965399109284,45.1638689048761,17.63922195576872,18.891553423927522,18.305355715427655,52.91342297711724,23.142250530785564,12.738853503184714,11.20547298891248,0.7707117524149278,0.8114094281360966,0.5106538534164429,0.7096780412569885,0.8318329582395598,0.883400508818569
70,88.38643371017471,91.35938359933957,90.11943539630836,90.73517354468434,63.6290967226219,72.09908735332465,69.64735516372797,70.85201793721973,76.62184477471101,81.32027566195138,82.48712288447388,81.89954337899543,56.86879068174032,31.517643028434396,5.378554299417608,6.235011990407674,44.20463629096722,19.424460431654676,17.106314948041568,19.26458832933653,52.8898325076669,23.732012267044116,12.149091766926162,11.229063458362821,0.7767889236729447,0.8162211415465361,0.5077305436134338,0.7163871216502797,0.8377373948750346,0.8861732841665954
71,89.45986068288227,90.77059344552701,92.72529858849077,91.73753468803152,64.85478284039435,71.03284527107242,75.35684298908481,73.1309839071094,77.54187308327435,80.44827586206897,85.83517292126564,83.05446778212887,58.51318944844125,30.94667123444102,5.949526093410985,4.5906132237067485,47.82840394351185,17.026378896882495,19.50439648281375,15.6408206767919,55.036565227648026,22.505307855626327,13.375796178343949,9.082330738381694,0.7774621088426489,0.8172234854594312,0.5083726048469543,0.7252168883747832,0.8384744212368882,0.8813995369179316
72,89.0601804270869,91.242325749368,91.4404632645675,91.3412870571222,63.60245137223555,70.99173553719008,72.12426532325776,71.55351936693044,75.96131163010143,80.04952246197382,83.25974981604121,81.62308385933272,57.70240950097065,31.357770926116252,5.538426401735754,5.401393171177344,45.776711963762324,17.825739408473222,18.705035971223023,17.692512656541435,53.38523236612409,22.576079263977352,13.305024769992924,10.733663599905638,0.7663314528656692,0.8140515135807298,0.5037619471549988,0.7175342201657992,0.8333201721483002,0.8957922419460881
73,89.84812150279777,92.08567798148485,91.80238870792617,91.94381513366561,62.909672262190256,71.04591836734694,70.15113350125944,70.595690747782,76.52748289690965,81.20246287576964,82.48712288447388,81.8397517795218,57.930798218568,31.91732328422976,4.978874043622246,5.173004453579993,44.524380495603516,18.385291766586732,18.145483613109512,18.94484412470024,52.8898325076669,23.637650389242744,12.243453644727529,11.229063458362821,0.7763667013539658,0.8191493496810583,0.5072575807571411,0.7187198766146135,0.8339074900304022,0.8956064374124576
74,90.04225191275552,91.86757826556315,92.39956568946796,92.13280404186214,64.26858513189448,71.30577159230455,73.13182199832073,72.20725388601035,76.59825430526067,80.58114812189936,83.6644591611479,82.09386281588448,58.307639602603636,31.734612310151878,5.1615850177001255,4.796163069544365,46.416200373034904,17.85238475885958,18.678390620836662,17.05302424726885,53.64472753007785,22.953526775182826,12.927577258787451,10.474168435951874,0.7720380457262781,0.8195572697095821,0.5063883066177368,0.7373048004626952,0.8386965162343216,0.8813852442614984
