,training set Accuracy,training set Precittion,training set Recall,training set F1 score,development set Accuracy,development set Precittion,development set Recall,development set F1 score,test set Accuracy,test set Precittion,test set Recall,test set F1 score,training set True positive ratio,training set True negative ratio,training set False positive ratio,training set False negative ratio,development set True positive ratio,development set True negative ratio,development set False positive ratio,development set False negative ratio,test set True positive ratio,test set True negative ratio,test set False positive ratio,test set False negative ratio,test AUC score,whole AUC score,loss,hek293 AUC score,hct116 AUC score,hl60 AUC score
0,65.25689740624485,65.49488054607508,97.93314621076806,78.49473361284385,63.77649325626204,64.0,98.1177899210686,77.46883988494726,64.06616467102828,64.18481848184818,96.08695652173913,76.96082311040759,63.40657525194119,1.8503221543036512,33.40492317858913,1.3381794151660333,62.273603082851636,1.5028901734104045,35.028901734104046,1.1946050096339114,60.01728181705962,4.048882853968646,33.489692630539444,2.4441426984322923,0.6194711797788588,0.5823845375216187,0.5904056429862976,0.49209562367457105,0.5577146388972131,0.6144698853728954
1,66.49595242028747,67.92417061611374,91.42638428170451,77.94213617576679,63.15992292870906,65.41722445336903,89.01032179720704,75.41152263374487,65.90544377237379,68.2670906200318,84.86166007905138,75.66519823788546,59.19378820419626,7.302164216091195,27.953081116801588,5.550966462910954,56.493256262042394,6.666666666666667,29.865125240847785,6.97495183044316,53.00580175287002,12.899642019503766,24.63893346500432,9.455622762621898,0.6444589620379192,0.6099115967573459,0.6304967999458313,0.4828320802005013,0.5983012436320048,0.6418260297858961
2,66.18205848339667,71.00538599640933,80.73488134728247,75.55820895522389,60.809248554913296,66.99029126213593,75.40983606557377,70.95115681233933,63.572398469324774,72.31746031746032,67.5296442687747,69.84159427695452,52.271600859078134,13.91045762431852,21.344787708574263,12.473153808029076,47.861271676300575,12.947976878612716,23.583815028901732,15.606936416184972,42.17997778052092,21.392420688803853,16.146154795704234,20.28144673497099,0.6657578638709702,0.638534832040786,0.6284775137901306,0.5075091575091575,0.6545549895115372,0.6876768716233599
3,67.27242689575417,72.44094488188976,79.81627966317937,75.94998178948646,61.040462427745666,67.51101321585902,74.43837279902854,70.80565983251516,64.48586594247624,73.94165387146305,66.6205533596838,70.09044599230688,51.676854452337686,15.595572443416488,19.659672889476294,13.067900214769534,47.24470134874759,13.795761078998073,22.736030828516377,16.223506743737957,41.612146648561904,22.873719293914334,14.664856190593753,20.84927786693001,0.6794305232962425,0.6533288936362878,0.6168211102485657,0.5010603431656064,0.6777045250224752,0.7125460938169969
4,67.53675863208326,80.60776942355889,65.65450369992345,72.36675573055828,57.88053949903661,71.60686427457098,55.73770491803278,62.68350973028338,64.68337242315764,75.21210731483605,64.82213438735178,69.63167391996605,42.50784734842227,25.028911283660992,10.226334049231786,22.23690731868495,35.3757225433526,22.504816955684007,14.026974951830443,28.092485549132952,40.48882853968646,24.194543883471177,13.34403160103691,21.972595975805458,0.6920823514732126,0.6876855105877537,0.6034068465232849,0.4964237516869095,0.7355159324742784,0.7933853586027498
5,69.58532958863374,75.66699604743083,78.15769328910437,76.89218024350447,60.578034682080926,68.75,69.45962355798422,69.1029900332226,64.7204048882854,75.34530386740332,64.68379446640317,69.6086771586559,50.603006773500745,18.982322815132992,16.27292251775979,14.141747893606476,44.08477842003853,16.493256262042387,20.03853564547206,19.383429672447015,40.40241945438835,24.31798543389705,13.220590050611037,22.05900506110357,0.6939688551586811,0.6773453476582804,0.6021767258644104,0.4998457682668209,0.7238912196583758,0.7263813852442614
6,73.8311581034198,78.39941620043786,82.24036744067365,80.27397260273975,62.23506743737958,69.08986834573555,73.28476017000607,71.12551561579257,68.43599555610419,73.37068160597572,77.64822134387352,75.44887181949112,53.24632413679168,20.584833966628118,14.670411366264663,11.498430530315545,46.51252408477842,15.722543352601157,20.809248554913296,16.955684007707127,48.500185162325636,19.935810393778546,17.602765090729537,13.961239353166278,0.7061529323228135,0.7007635814752957,0.5939878225326538,0.5290052053209948,0.7289731295574868,0.779064116856759
7,71.12175780604659,81.61957471599183,71.49783107935697,76.22415669205658,59.65317919075145,70.83333333333334,61.93078324225865,66.08357628765792,65.46105419084064,76.48711943793911,64.54545454545455,70.01071811361201,46.291095324632415,24.830662481414176,10.424582851478606,18.453659342474808,39.30635838150289,20.346820809248555,16.184971098265898,24.161849710982658,40.316010369090236,25.145043821750402,12.393531662757685,22.14541414640168,0.707120895846358,0.706449324699117,0.588506281375885,0.5241565452091768,0.7462322695035462,0.7889689277649143
8,75.21889971914753,80.73697585768743,81.06659862209747,80.90145148968678,61.618497109826585,69.93263931414575,69.33819064966606,69.6341463414634,67.76941118380448,75.22142121524202,72.17391304347827,73.66616238023198,52.48637039484553,22.732529324301996,12.52271600859078,12.258384272261688,44.00770712909441,17.61078998073218,18.921001926782274,19.460500963391137,45.08085421552895,22.688556968275524,14.850018516232563,17.380570299962965,0.7081045864619633,0.7114942735961844,0.5811936855316162,0.5367264314632736,0.7488481420437518,0.8143383929337107
9,75.43366925491492,79.89183874139626,82.92931870375095,81.38224614999375,62.042389210019266,68.93592677345538,73.16332726168791,70.98674521354933,67.31267744722874,74.54212454212454,72.3913043478261,73.45097252857428,53.69238394184702,21.741285313067902,13.51396001982488,11.052370725260202,46.4354527938343,15.606936416184972,20.92485549132948,17.032755298651253,45.21663992099741,22.09603752623133,15.442537958276755,17.244784594494504,0.6995195113423528,0.7068548086271709,0.5752943158149719,0.5731540389435127,0.7454144191389471,0.7957436469142155
10,77.13530480753346,81.11956788607905,84.3072212299056,82.6826826826827,62.23506743737958,69.24408540103866,72.85974499089252,71.00591715976331,68.41130724601902,75.4115017272912,73.3399209486166,74.36128644424406,54.58450355195771,22.55080125557575,12.704444077317035,10.160251115149514,46.24277456647399,15.992292870905588,20.539499036608863,17.22543352601156,45.8091593630416,22.602147882977413,14.936427601530674,16.652265152450315,0.7112238472106507,0.7179922065687782,0.5719245672225952,0.5827549643339117,0.7663133053640996,0.793971357516508
11,76.97009747232777,83.0583922492799,80.93901505486093,81.98500904626518,62.042389210019266,70.92288242730721,68.12386156648452,69.49519975224527,68.18911245525244,75.96737084291989,71.7786561264822,73.81363682552585,52.40376672724268,24.566330745085082,10.6889145878077,12.34098793986453,43.23699421965318,18.80539499036609,17.726396917148364,20.23121387283237,44.833971114677205,23.35514134057524,14.183434143932846,17.627453400814712,0.7121008600509766,0.7218563153207297,0.5650911927223206,0.5674378253325622,0.7677710768155029,0.8149958551296345
12,76.72228646951925,85.09507829977629,77.6473590201582,81.20080053368913,59.65317919075145,70.3527815468114,62.96296296296296,66.45305991669336,67.90519688927293,75.57172557172557,71.83794466403161,73.65754812563323,50.27259210308937,26.44969436642987,8.80555096646291,14.472162564017843,39.96146435452793,19.691714836223507,16.840077071290942,23.50674373795761,44.87100357980496,23.03419330946797,14.504382175040117,17.59042093568695,0.7034873526884878,0.7212511787421785,0.5714044570922852,0.5402544823597455,0.7615279442613127,0.813566589486322
13,75.99537419461424,82.88,79.30594539423322,81.05359238492632,59.96146435452794,69.68911917098445,65.33090467516696,67.43967408335945,66.90532033082336,76.46273637374861,67.92490118577075,71.94139194139194,51.34643978192632,24.64893441268792,10.606310920204857,13.3983148851809,41.46435452793834,18.497109826589593,18.034682080924856,22.003853564547207,42.42686088137267,24.478459449450686,13.060116035057401,20.034563634119245,0.7129446640316206,0.7237680317159685,0.5612897276878357,0.5645652593021014,0.7608162271501349,0.8215133064631392
14,77.20138774161572,84.73324213406292,79.02526154631283,81.77977290731451,60.924855491329474,70.53861129136924,65.99878567091682,68.19322459222082,66.79422293544008,75.46196819939837,69.40711462450592,72.30800905908997,51.16471171320006,26.036676028415663,9.218569304477118,13.580042953907153,41.88824662813102,19.03660886319846,17.495183044315993,21.57996146435453,43.35267250956672,23.44155042587335,14.097025058634735,19.108752005925194,0.699813322016759,0.7234227740320236,0.5624702572822571,0.5831019857335648,0.7717916541804015,0.84589657833805
15,80.88551131670246,85.2655771195097,85.20030620056137,85.23292916400766,62.89017341040463,70.77764277035237,70.73466909532483,70.7561494078348,69.11492408344648,75.04896200548374,75.73122529644269,75.38855006885697,55.1627292251776,25.722782091524866,9.532463241367918,9.582025441929622,44.89402697495183,17.996146435452793,18.535645472061656,18.57418111753372,47.30280212319467,21.812121960251822,15.726453524256264,15.158622392297247,0.7129741035882464,0.7365709154687278,0.5522739887237549,0.5910352805089647,0.7842186095295174,0.8296601206300203
16,79.9768709730712,84.78540221022874,84.17963766266905,84.48143405889886,60.96339113680153,70.16539440203562,66.97024893746205,68.53059956508231,69.1025799284039,76.24717717101211,73.399209486166,74.79609304198972,54.50189988435486,25.47497108871634,9.780274244176441,10.242854782752355,42.50481695568401,18.458574181117534,18.07321772639692,20.96339113680154,45.84619182816937,23.256388100234542,14.282187384273545,16.615232687322553,0.7245656853047872,0.7386288516861765,0.5454150438308716,0.608723732407943,0.8031727599640396,0.8309464597090015
17,82.19064926482736,84.79059515062454,88.33886195458025,86.52836790802299,62.350674373795755,69.29723502304147,73.04189435336977,71.1203074194502,69.75682014566102,73.4375,80.81027667984189,76.94768535942794,57.1947794482075,24.99586981661986,10.259375516272923,7.54997521889972,46.358381502890175,15.992292870905588,20.539499036608863,17.109826589595375,50.47524996913961,19.281570176521416,18.257005307986667,11.986174546352302,0.7082539613425478,0.7368175302957911,0.5465289354324341,0.6238866396761134,0.7960243731894916,0.8484978418088786
18,83.3636213447877,87.18079673135854,87.11405970910947,87.14741544352268,61.27167630057804,69.83930778739185,68.60959319975713,69.21898928024504,69.15195654857425,74.84960217349116,76.22529644268775,75.53118574366006,56.40178423922022,26.961837105567486,8.293408227325292,8.342970427886998,43.54527938342967,17.726396917148364,18.80539499036609,19.922928709055874,47.61140599925935,21.5405505493149,15.998024935193186,14.850018516232563,0.7213097548263325,0.7513297419833006,0.5477575659751892,0.6101503759398496,0.7911578513635001,0.8741960380756367
19,82.42193953411532,86.64955070603338,86.11890788466445,86.38341438443818,60.73217726396917,69.454770755886,68.06314511232544,68.75191659000308,68.05332674978398,75.80375782881002,71.7588932806324,73.7258883248731,55.757475631918055,26.664463902197255,8.590781430695522,8.987279035189163,43.19845857418112,17.533718689788053,18.998073217726397,20.26974951830443,44.821626959634614,23.231699790149367,14.30687569435872,17.6397975558573,0.7113741969109912,0.7439109630330898,0.5373749732971191,0.6321573163678427,0.799941938867246,0.8544721721979247
20,82.50454320171816,87.31732776617955,85.37892319469252,86.33724680686363,61.348747591522155,70.22613065326632,67.88099574984821,69.03365236184007,68.95445006789285,75.33346605614175,74.78260869565217,75.0570266785679,55.27837435982158,27.22616884189658,8.0290764909962,9.466380307285643,43.08285163776493,18.265895953757223,18.265895953757223,20.385356454720615,46.71028268115048,22.24416738674238,15.294408097765707,15.751141834341439,0.7169617662694168,0.7478451039099059,0.5396071672439575,0.6296992481203008,0.8039281790030967,0.8606323071206013
21,83.84272261688419,88.02689423325576,86.85889257463639,87.43899306447472,60.809248554913296,70.34883720930233,66.12021857923497,68.16901408450704,69.31243056412788,76.8348623853211,72.82608695652173,74.77678571428571,56.236576904014534,27.60614571286965,7.649099620023129,8.50817776309268,41.96531791907515,18.84393063583815,17.6878612716763,21.502890173410407,45.48821133193433,23.824219232193556,13.71435625231453,16.973213183557586,0.7232957551148793,0.7544224445359866,0.5304439663887024,0.6434451513398882,0.8073119568474678,0.8697081439556356
22,83.51230794647282,88.22297827793771,86.01684103087523,87.10594315245478,62.50481695568401,71.49234693877551,68.06314511232544,69.73561430793157,69.89260585112949,76.22573544126476,75.27667984189723,75.74823506015711,55.69139269783578,27.82091524863704,7.434330084255741,9.053361969271435,43.19845857418112,19.30635838150289,17.22543352601156,20.26974951830443,47.018886557215154,22.873719293914334,14.664856190593753,15.442537958276755,0.7219722748263846,0.7547515025360497,0.5366471409797668,0.6320223636013109,0.8090100889022076,0.8670640025155075
23,81.66198579216916,88.63823933975242,82.21485072722633,85.30579825258141,59.53757225433526,71.03594080338267,61.20218579234973,65.75342465753425,67.53487223799532,77.3156474820144,67.96442687747034,72.33908287757679,53.229803403271106,28.43218238889807,6.823062943994714,11.514951263836114,38.84393063583815,20.69364161849711,15.838150289017342,24.6242774566474,42.45154919145784,25.083323046537465,12.455252437970621,20.00987532403407,0.719316508377601,0.7555175677579444,0.5387864708900452,0.6559764796606902,0.806338028169014,0.8573449961409827
24,84.45398975714522,85.70743405275779,91.19673386067875,88.36691803684016,62.273603082851636,67.97631862217438,76.68488160291439,72.06847360912981,69.85557338600172,73.450376209244,81.02766798418972,77.05318549144899,59.04510160251115,25.40888815463407,9.846357178258716,5.699653064596068,48.67052023121387,13.603082851637765,22.928709055876688,14.797687861271678,50.611035674608075,19.244537711393654,18.29403777311443,11.850388840883841,0.7049953988507525,0.743644751814234,0.5416638851165771,0.6741951031424716,0.809060033962641,0.8713660921018781
25,83.84272261688419,87.98760010333247,86.909926001531,87.44544287548138,61.27167630057804,69.91315136476427,68.4274438372799,69.16231972997852,69.9790149364276,76.33266533066131,75.27667984189723,75.80099502487563,56.26961837105567,27.573104245828517,7.682141087064267,8.475136296051545,43.42967244701349,17.84200385356455,18.689788053949904,20.03853564547206,47.018886557215154,22.960128379212446,14.578447105295641,15.442537958276755,0.7222614063659629,0.7546358607698955,0.533833384513855,0.6600539811066127,0.8147412845869544,0.8721236028928336
26,86.43647777961341,89.27484787018255,89.84434804797142,89.55869261096274,62.00385356454721,70.38864898210981,69.27747419550698,69.82864137086904,70.18886557215158,76.28702047306697,75.8498023715415,76.06778317312455,58.16950272592103,28.266975053692384,6.988270279200397,6.575251941186188,43.96917148362235,18.034682080924856,18.497109826589593,19.4990366088632,47.37686705345019,22.811998518701397,14.72657696580669,15.084557462041722,0.7203191429904612,0.7603252081928349,0.5271742939949036,0.6591864276074801,0.8215306912396363,0.8722236514878656
27,86.84949611762762,89.22381311228335,90.63536616483798,89.92405063291139,61.657032755298644,69.66224366706875,70.12750455373407,69.89409984871408,69.67041106036291,75.71626160837779,75.73122529644269,75.72374271317062,58.68164546505865,28.167850652568976,7.087394680323807,6.063109202048571,44.50867052023121,17.148362235067438,19.383429672447015,18.959537572254334,47.30280212319467,22.367608937168253,15.170966547339834,15.158622392297247,0.7165314483352029,0.7576810785755677,0.5175117254257202,0.6641025641025641,0.8160835580861053,0.8789126146985679
28,86.33735337849001,87.83651492902594,91.57948456238837,89.6689569019363,61.618497109826585,68.19452207937395,74.07407407407408,71.01280558789288,69.74447599061844,74.33314680096997,78.75494071146245,76.48018424335477,59.29291260531968,27.04444077317033,8.210804559722451,5.451842061787544,47.01348747591522,14.605009633911367,21.92678227360308,16.454720616570327,49.19145784471053,20.553018145907913,16.985557338600174,13.269966670781386,0.7081333761387519,0.7524003658730882,0.5284329056739807,0.6750048197416618,0.8187618619518531,0.8834433867878684
29,85.41219230133818,88.15987933634992,89.4871140597091,88.8185386855768,61.579961464354525,69.25355450236967,70.97753491196114,70.10494752623687,69.16430070361683,74.54963587581449,76.87747035573122,75.69566063436467,57.938212456633075,27.473979844705106,7.781265488187676,6.806542210474145,45.04816955684008,16.53179190751445,20.0,18.42003853564547,48.01876311566473,21.145537587952106,16.39303789655598,14.44266139982718,0.7093844273193887,0.7531208445082718,0.5359042286872864,0.6658762290341238,0.8147881080811108,0.8730097475916875
30,86.22170824384602,89.10012674271229,89.69124776728758,89.39471007121058,61.73410404624278,69.84223300970875,69.88463873709775,69.86342943854325,69.84322923095914,75.60164351398943,76.36363636363637,75.98072952512045,58.07037832479762,28.151329919048408,7.1039154138443745,6.674376342309599,44.35452793834297,17.37957610789981,19.152215799614645,19.113680154142582,47.69781508455746,22.14541414640168,15.393161338106406,14.763609430934451,0.7179219312349148,0.7601285603224124,0.532545804977417,0.6587912087912089,0.8399791479372691,0.8895892290541121
31,87.31207665620353,88.81497905888149,91.9877519775453,90.37352719979944,63.50674373795761,69.6408529741863,75.3491196114147,72.38261883931175,69.91729416121466,73.2824427480916,81.58102766798419,77.20938932011596,59.557244341648776,27.75483231455477,7.500413018338015,5.187510325458451,47.822736030828516,15.684007707129094,20.847784200385355,15.645472061657031,50.95667201580052,18.960622145414145,18.577953339093938,11.504752499691397,0.7069955990137423,0.7567747646673153,0.5370854139328003,0.6717370348949296,0.8137018030166816,0.8780264699997141
32,87.06426565339501,89.93886907794193,90.0995151824445,90.01912045889101,61.579961464354525,69.84126984126983,69.45962355798422,69.64992389649923,69.91729416121466,75.08127749091604,77.58893280632411,76.31451064243366,58.334710061126714,28.729555592268298,6.525689740624483,6.410044605980506,44.08477842003853,17.495183044315993,19.03660886319846,19.383429672447015,48.46315269719788,21.45414146401679,16.084434020491297,13.99827181829404,0.71814587982682,0.7641990075526492,0.5149973630905151,0.6902641218430692,0.8302648336829488,0.8847868964925821
33,88.20419626631423,90.68291444529069,91.14570043378413,90.91371850343599,62.23506743737958,70.32297379646558,70.06678809957498,70.19464720194647,71.12702135538822,75.84045584045585,78.91304347826087,77.34624697336562,59.012060135470016,29.192136130844208,6.063109202048571,5.732694531637204,44.470134874759154,17.764932562620427,18.766859344894026,18.998073217726397,49.290211085051226,21.836810270336997,15.70176521417109,13.171213430440687,0.7255317966707955,0.7706922220214938,0.5132941603660583,0.6758048968575283,0.8374569223853761,0.9067118314609953
34,88.12159259871139,89.8406374501992,92.06430211788722,90.93887838689352,60.924855491329474,68.60670194003528,70.85610200364299,69.71326164874552,70.48512529317368,74.44586920681444,80.31620553359684,77.26970244319803,59.60680654221048,28.514786056500906,6.740459276391872,5.137948124896745,44.971098265895954,15.953757225433526,20.578034682080926,18.497109826589593,50.16664609307493,20.318479200098754,17.22009628440933,12.294778422416986,0.7181960830442451,0.7656365373756677,0.518169105052948,0.6684692500481973,0.8438280391569273,0.8812280250407342
35,87.77465719477945,90.4555866632731,90.68639959173258,90.57084607543324,62.080924855491325,70.39999999999999,69.45962355798422,69.92665036674816,70.7566967041106,76.46017699115045,76.83794466403162,76.64859536717594,58.71468693209978,29.059970262679663,6.195275070213118,6.030067735007434,44.08477842003853,17.996146435452793,18.535645472061656,19.383429672447015,47.99407480557956,22.762621898531048,14.775953585977039,14.467349709912355,0.7245168468350202,0.7692299315810809,0.5164848566055298,0.6692307692307692,0.8430788632504245,0.8998370637166623
36,87.67553279365605,88.61036748600633,92.90635366164838,90.7075236671649,62.38921001926783,68.8166012338755,74.4990892531876,71.54518950437317,70.83076163436613,75.5446107217276,78.81422924901186,77.14479156591547,60.15199074838923,27.523542045266808,7.7317032876259715,4.592763918717991,47.28323699421965,15.105973025048169,21.42581888246628,16.184971098265898,49.22849030983829,21.602271324527837,15.93630415998025,13.232934205653624,0.7208311183262215,0.7647782307848772,0.5079209208488464,0.6830537883169462,0.8436469883128559,0.8799416859617529
37,89.37716834627457,90.70576540755468,93.13600408267415,91.904821855722,63.04431599229288,69.81566820276498,73.58834244080145,71.65237954478275,70.69497592889766,74.95354886659234,79.72332015810277,77.2648917831833,60.30067735007434,29.07649099620023,6.178754336692549,4.4440773170328765,46.705202312138724,16.339113680154142,20.192678227360307,16.76300578034682,49.79632144179731,20.89865448710036,16.639920997407728,12.665103073694606,0.7259247465143694,0.7744117939354715,0.5047036409378052,0.697069597069597,0.8490753920687244,0.8927479061258325
38,89.52585494795969,90.60568603213845,93.51875478438377,92.03917629331994,62.38921001926783,69.58552247518972,72.37401335761992,70.95238095238095,70.41106036291815,75.63041385948027,77.64822134387352,76.626036079961,60.54848835288287,28.97736659507682,6.277878737815959,4.196266314224351,45.934489402697494,16.454720616570327,20.077071290944122,17.533718689788053,48.500185162325636,21.91087520059252,15.627700283915566,13.961239353166278,0.7236603701975505,0.7740133877630415,0.5038816332817078,0.7127433969539233,0.839061407451803,0.8959780464797187
39,88.93110854121923,91.30434782608695,91.63051798928298,91.46714212939379,60.655105973025044,70.19354838709677,66.0595021250759,68.06380982170785,69.9790149364276,76.19617224880383,75.53359683794466,75.8634378721715,59.32595407236081,29.60515446885842,5.650090864034363,5.418800594746407,41.92678227360308,18.728323699421964,17.803468208092486,21.541425818882466,47.17936057276879,22.79965436365881,14.738921120849277,15.28206394272312,0.7219743219478718,0.7729306448497808,0.5016078948974609,0.6936475804896857,0.8437780940964938,0.9050110053454535
40,89.32760614571286,90.02201027146002,93.9270221995407,91.93306693306694,62.85163776493257,68.67140513942044,76.25986642380084,72.26697353279631,70.32465127762005,73.52941176470588,82.01581027667984,77.54110612855008,60.81282008921196,28.514786056500906,6.740459276391872,3.931934577895259,48.40077071290944,14.450867052023122,22.08092485549133,15.067437379576107,51.22824342673744,19.096407850882606,18.442167633625477,11.233181088754476,0.7090138658362068,0.766842138138178,0.5049952268600464,0.7137073452862925,0.8398043402257517,0.8962781922648143
41,89.50933421443912,90.38366945400885,93.77392191885686,92.0475892298059,62.774566473988436,69.07563025210084,74.86338797814209,71.85314685314685,71.50969016170843,74.89146164978293,81.81818181818183,78.20173781639592,60.713695688088556,28.79563852635057,6.459606806542211,4.031058979018669,47.51445086705202,15.260115606936417,21.271676300578036,15.953757225433526,51.10480187631157,20.404888285396865,17.133687199111222,11.35662263918035,0.7295634237229536,0.7773221501413139,0.5097112655639648,0.6988914594177753,0.8454106732594147,0.8960352171054512
42,88.69981827193128,89.69325153374234,93.26358764991069,91.44358268701525,62.23506743737958,69.02452937820878,73.4669095324833,71.1764705882353,70.41106036291815,74.13449338408556,80.8300395256917,77.33761936276828,60.383281017677184,28.316537254254087,6.938708078638692,4.361473649430034,46.628131021194605,15.606936416184972,20.92485549132948,16.840077071290942,50.4875941241822,19.92346623873596,17.615109245772125,11.973830391309715,0.7140725304891125,0.7690045961300462,0.5084056854248047,0.7293329477540004,0.8449393167515733,0.9064974416144984
43,89.70758301668594,90.69135802469135,93.72288849196224,92.18220604843769,63.15992292870906,69.39921392476137,75.0455373406193,72.1120186697783,70.954203184792,74.8942431487953,80.47430830039526,77.58407163951605,60.68065422104741,29.02692879563853,6.228316537254254,4.064100446059805,47.630057803468205,15.529865125240846,21.001926782273603,15.838150289017342,50.26539933341563,20.688803851376374,16.849771633131713,12.196025182076287,0.7207190140543014,0.7731453828795285,0.508144199848175,0.720242914979757,0.8342947757466787,0.8905468370351314
44,89.44325128035685,91.08216432865731,92.77877009441184,91.9226393629124,61.92678227360309,69.23525977816696,72.00971463266545,70.59523809523809,70.60856684359955,75.9141033081834,77.5494071146245,76.72304233062862,60.069387080786385,29.37386419957046,5.88138113332232,4.675367586320832,45.703275529865124,16.223506743737957,20.308285163776493,17.764932562620427,48.4384643871127,22.170102456486855,15.368473028021231,14.022960128379214,0.7255402126146876,0.7758688279319683,0.5050503611564636,0.7142471563524195,0.8451390969933074,0.8948775119343682
45,89.9388732859739,91.60382101558572,92.9829038019903,92.28821071292896,62.92870905587669,70.57057057057057,71.34183363691561,70.95410628019323,70.13948895198124,75.65572177967749,76.95652173913044,76.30057803468208,60.20155294895093,29.737320337022965,5.517924995869817,4.543201718156286,45.27938342967245,17.64932562620424,18.88246628131021,18.1888246628131,48.06813973583508,22.071349216146157,15.46722626836193,14.393284779656831,0.7176740670649997,0.7754645582117197,0.5050343871116638,0.7301523038365143,0.8389740035960443,0.9094846068090217
46,90.41797455807038,91.95777833626539,93.36565450369993,92.65636870093694,61.425818882466274,69.9629171817058,68.73102610807528,69.34150076569678,70.96654733983459,76.95063694267516,76.40316205533597,76.67592225307418,60.44936395175946,29.968610606310918,5.286634726581861,4.295390715347761,43.62235067437379,17.803468208092486,18.728323699421964,19.845857418111752,47.72250339464264,23.244043945191954,14.294531539316132,14.738921120849277,0.7327810437850042,0.7844299843053651,0.5067823529243469,0.7160690187005976,0.8490816352012787,0.9120715776234173
47,90.68230629439947,91.65631984107276,94.18218933401377,92.90208910143468,61.27167630057804,68.81594372801875,71.28111718275653,70.0268416343573,70.86779409949389,76.38780297107115,77.23320158102767,76.80817610062893,60.97802742441765,29.704278869981827,5.550966462910954,3.7667272426895755,45.24084778420038,16.03082851637765,20.5009633911368,18.227360308285164,48.240957906431305,22.626836193062587,14.9117392914455,14.220466609060608,0.730666204818729,0.7825763116541293,0.5043189525604248,0.7254000385579333,0.851887923284387,0.9057399308235429
48,90.36841235750867,92.22784810126582,92.957387088543,92.59118058203076,61.310211946050096,69.95654872749844,68.4274438372799,69.18354818907305,70.28761881249228,76.81423084697798,75.09881422924902,75.94683721395025,60.18503221543037,30.18338014207831,5.0718651908144725,4.559722451676854,43.42967244701349,17.88053949903661,18.65125240847784,20.03853564547206,46.90778916183187,23.379829650660415,14.158745833847671,15.553635353660042,0.7267294927167967,0.7816695981331816,0.49215400218963623,0.7333622517833045,0.8438093097592648,0.9050252980018867
49,89.45977201387741,92.20478518137381,91.45190099515183,91.82679989751472,59.845857418111756,69.6046662346079,65.20947176684882,67.33542319749216,69.22602147882976,77.11810690893725,72.13438735177866,74.54304094761565,59.21030893771684,30.24946307616058,5.005782256732199,5.534445729390385,41.38728323699422,18.458574181117534,18.07321772639692,22.08092485549133,45.05616590544378,24.169855573386002,13.368719911122085,17.40525861004814,0.7255171418804665,0.7791353927465808,0.5034509897232056,0.7290726817042607,0.8415336879432623,0.8991224308950062
50,90.38493309102924,91.1873611453962,94.2587394743557,92.69761606022584,61.811175337186896,68.38565022421524,74.07407407407408,71.11629262605653,71.15170966547339,76.26857032606598,78.12252964426878,77.18441862735529,61.02758962497935,29.35734346604989,5.897901866842887,3.7171650421278706,47.01348747591522,14.797687861271678,21.734104046242773,16.454720616570327,48.79644488334773,22.355264782125666,15.183310702382421,13.664979632144181,0.7328694924308494,0.7824676554252847,0.5047242641448975,0.7417293233082707,0.8572351663170512,0.89086127547666
51,90.12060135470014,92.02733485193622,92.77877009441184,92.4015247776366,61.73410404624278,69.9390243902439,69.64177292046145,69.7900821417706,69.9790149364276,75.19171779141104,77.50988142292489,76.33320358115998,60.069387080786385,30.05121427391376,5.204031058979019,4.675367586320832,44.20038535645472,17.533718689788053,18.998073217726397,19.26782273603083,48.41377607702753,21.565238859400075,15.973336625108011,14.047648438464389,0.7183553685923474,0.7760042582114031,0.5129744410514832,0.7299113167534221,0.8501148736389972,0.8984506760426493
52,89.32760614571286,91.04589917231,92.625669813728,91.82899064002024,61.541425818882466,68.68163500287852,72.434729811779,70.50827423167848,69.83088507591656,75.75817250886175,76.02766798418973,75.89268100217005,59.97026267966298,29.35734346604989,5.897901866842887,4.774491987444242,45.97302504816956,15.568400770712909,20.96339113680154,17.495183044315993,47.48796444883347,22.34292062708308,15.195654857425009,14.973460066658436,0.7205337983006942,0.7733087629930611,0.5117073655128479,0.7252940042413727,0.8290162071721107,0.8738815996341079
53,89.87279035189162,90.85516559565002,93.79943863230416,92.3038292529818,62.350674373795755,69.45412311265969,72.61687917425623,71.00029682398338,70.00370324651277,75.49437766576193,76.95652173913044,76.21843805049913,60.730216421609114,29.142573930282506,6.1126714026102755,4.0145382454981,46.088631984585746,16.26204238921002,20.26974951830443,17.37957610789981,48.06813973583508,21.935563510677696,15.603011973830391,14.393284779656831,0.7151123057346696,0.770732997886141,0.5168686509132385,0.7377289377289378,0.8380718709419639,0.8936769287939856
54,89.98843548653561,92.35489644592177,92.16636897167645,92.26053639846742,61.310211946050096,70.30953885028427,67.57741347905282,68.91640866873065,70.81841747932354,77.06827309236948,75.8498023715415,76.45418326693228,59.672889476292745,30.315546010242855,4.9396993226499255,5.0718651908144725,42.89017341040463,18.42003853564547,18.11175337186898,20.578034682080926,47.37686705345019,23.44155042587335,14.097025058634735,15.084557462041722,0.7303152047186475,0.7822195727900518,0.5172373652458191,0.7338635049161365,0.8452951753071621,0.8929337106594633
55,90.55014042623493,91.99498117942284,93.54427149783108,92.76315789473685,62.15799614643546,70.26203534430225,70.00607164541591,70.13381995133821,71.15170966547339,75.43433588641884,79.80237154150197,77.55690002881015,60.565009086403435,29.98513133983149,5.270113993061292,4.179745580703783,44.43159922928709,17.726396917148364,18.80539499036609,19.03660886319846,49.84569806196766,21.30601160350574,16.232563881002346,12.615726453524257,0.7251869054411839,0.7804809655405058,0.5164784789085388,0.7290341237709659,0.8531833732893815,0.9030243261012492
56,90.21972575582356,92.01818641070977,92.957387088543,92.48540238639248,60.886319845857415,69.10519951632406,69.39890710382514,69.25174189639503,69.80619676583137,76.12954818072771,75.25691699604742,75.69071755118266,60.18503221543037,30.034693540393192,5.220551792499587,4.559722451676854,44.04624277456647,16.840077071290942,19.691714836223507,19.421965317919074,47.00654240217257,22.79965436365881,14.738921120849277,15.454882113319343,0.7199771762201169,0.7767908112687952,0.5119838118553162,0.7411895122421437,0.8437687293976627,0.8980361890060887
57,90.13712208822072,92.37244897959184,92.39601939270223,92.38423268274015,61.849710982658955,70.46728971962617,68.6703096539162,69.55719557195572,70.3616837427478,76.95114534765862,75.0197628458498,75.9731812268588,59.821576077977866,30.315546010242855,4.9396993226499255,4.923178589129358,43.58381502890173,18.265895953757223,18.265895953757223,19.884393063583815,46.85841254166153,23.503271201086285,14.035304283421802,15.603011973830391,0.7307795438623399,0.7840216108701292,0.5023491382598877,0.7225563909774435,0.8443337328938169,0.9022668153102936
58,90.84751362960516,92.58415590989623,93.34013779025263,92.96060991105465,61.73410404624278,70.828025477707,67.51669702489374,69.13273235934099,69.76916430070361,76.84556857906641,73.85375494071145,75.31996372064901,60.43284321823889,30.414670411366263,4.840574921526516,4.311911448868329,42.85163776493256,18.88246628131021,17.64932562620424,20.616570327552985,46.13010739414887,23.639056906554746,13.89951857795334,16.331317121343044,0.7286239249362794,0.7840540640319095,0.5000083446502686,0.7249277038750723,0.8566670412546199,0.9014950118629048
59,91.45878076986618,92.22939424031777,94.79459045674918,93.49440040266768,63.15992292870906,70.02898550724638,73.34547662416514,71.64887307236062,70.5715343784718,75.5051467784979,78.2806324110672,76.86784397438385,61.374525028911286,30.084255740954895,5.170989591937882,3.370229638195936,46.55105973025048,16.60886319845857,19.922928709055874,16.917148362235068,48.89519812368843,21.67633625478336,15.862239229724725,13.566226391803482,0.7203818239007607,0.7812242067296069,0.4974895119667053,0.7346539425486794,0.852340550394566,0.9066832461481291
60,89.97191475301504,91.44144144144144,93.23807093646337,92.33101705622236,61.078998073217726,68.68035190615835,71.09896782027928,69.86873508353221,70.58387853351438,75.88474182943338,77.5494071146245,76.7080441794546,60.36676028415662,29.60515446885842,5.650090864034363,4.377994382950603,45.1252408477842,15.953757225433526,20.578034682080926,18.34296724470135,48.4384643871127,22.14541414640168,15.393161338106406,14.022960128379214,0.7226686535659557,0.7773769201351588,0.49810659885406494,0.7232600732600731,0.852999200879033,0.8872452333990795
61,91.657029572113,92.91101055806938,94.30977290125033,93.60516651893124,61.23314065510598,69.62645437844458,69.03460837887067,69.32926829268293,71.10233304530304,75.93970616294601,78.65612648221344,77.2740510630036,61.060631092020486,30.596398480092518,4.658846852800265,3.6841235750867343,43.8150289017341,17.418111753371868,19.113680154142582,19.653179190751445,49.129737069497594,21.972595975805458,15.565979508702629,13.331687445994323,0.7240733688341026,0.7829154982990486,0.4944427013397217,0.7288991710044341,0.8528493656977325,0.9199182460052026
62,91.657029572113,92.675,94.5904567491707,93.62293218840762,62.69749518304432,69.8886936145284,72.434729811779,71.13893858079904,71.17639797555857,76.35906364867479,78.00395256916997,77.1727441587643,61.24235916074674,30.414670411366263,4.840574921526516,3.5023955063604824,45.97302504816956,16.724470134874757,19.807321772639693,17.495183044315993,48.72237995309221,22.454018022466364,15.084557462041722,13.739044562399705,0.7253788474511064,0.7832095287093902,0.49646902084350586,0.7396857528436476,0.8558429477574667,0.8923191264328388
63,91.73963323971584,92.472049689441,94.97320745088032,93.70594159113796,62.00385356454721,68.93982808022923,73.04189435336977,70.93160377358491,71.39859276632514,75.81404103143234,79.60474308300395,77.66316398341849,61.490170163555256,30.24946307616058,5.005782256732199,3.254584503551958,46.358381502890175,15.645472061657031,20.886319845857418,17.109826589595375,49.72225651154179,21.67633625478336,15.862239229724725,12.73916800395013,0.7303728490602088,0.7878733623679622,0.4901084899902344,0.7345189897821476,0.8513759864149436,0.9153731812594689
64,91.82223690731868,92.77861069465267,94.74355702985456,93.75078904178766,62.19653179190752,69.65761511216057,71.64541590771098,70.63753367255312,71.47265769658067,75.62931195226552,80.15810276679842,77.82788064856567,61.34148356187015,30.480753345448537,4.774491987444242,3.4032711052370725,45.472061657032754,16.724470134874757,19.807321772639693,17.996146435452793,50.06789285273423,21.40476484384644,16.133810640661647,12.393531662757685,0.7282279856454542,0.7864288393227746,0.4944054186344147,0.737719298245614,0.8565484217360902,0.9188320041162851
65,91.77267470675699,92.4968944099379,94.99872416432763,93.7311178247734,63.19845857418112,69.81672394043528,74.013357619915,71.85381668140288,70.73200839402543,74.75603019701713,80.23715415019763,77.39967591268706,61.506690897075835,30.265983809681153,4.98926152321163,3.2380637700313892,46.97495183044316,16.223506743737957,20.308285163776493,16.493256262042387,50.11726947290458,20.61473892112085,16.923836563387237,12.344155042587335,0.7217168720503578,0.7830080854866233,0.492706298828125,0.7514941199151725,0.8516725352112675,0.9061972958294028
66,91.657029572113,92.82488710486703,94.41183975503955,93.61163820366856,61.348747591522155,69.39759036144578,69.94535519125684,69.67039612942243,70.38637205283298,75.6210283073368,77.6086956521739,76.60197015507656,61.12671402610276,30.530315546010243,4.724929786882537,3.6180406410044608,44.39306358381503,16.955684007707127,19.576107899807322,19.07514450867052,48.47549685224046,21.91087520059252,15.627700283915566,13.985927663251452,0.7237095011132442,0.7838951641914811,0.4967591464519501,0.7457875457875458,0.8486571021875936,0.8977932138467257
67,91.62398810507186,92.95065458207452,94.20770604746109,93.57495881383855,60.809248554913296,69.39655172413794,68.4274438372799,68.90859064506267,70.22589803727935,75.24790236460717,77.98418972332016,76.5916149068323,60.99454815793821,30.62943994713365,4.6258053857591275,3.7502065091690073,43.42967244701349,17.37957610789981,19.152215799614645,20.03853564547206,48.710035798049624,21.515862239229726,16.02271324527836,13.751388717442293,0.7159164995392353,0.7794504412477273,0.4957422912120819,0.754029304029304,0.8490878783338327,0.9148443529714432
68,91.80571617379812,92.99171062547099,94.46287318193417,93.72151898734178,61.425818882466274,69.86469864698647,68.9738919247116,69.41643751909564,70.10245648685347,76.29585326953749,75.63241106719367,75.96268360460499,61.1597554931439,30.645960680654223,4.609284652238559,3.584999173963324,43.77649325626204,17.64932562620424,18.88246628131021,19.691714836223507,47.241081347981726,22.861375138871747,14.67720034563634,15.220343167510183,0.7267508412694492,0.7875426444382412,0.49277058243751526,0.7573645652593021,0.8577314953551093,0.9116999685561559
69,91.90484057492154,92.63864710271076,95.04975759122225,93.82871536523929,62.350674373795755,69.40903823870221,72.73831208257437,71.03468722205751,69.84322923095914,74.79628576842903,78.00395256916997,76.36645061429816,61.53973236411696,30.365108210804557,4.890137122088221,3.205022302990253,46.165703275529864,16.184971098265898,20.346820809248555,17.302504816955683,48.72237995309221,21.12084927786693,16.417726206641156,13.739044562399705,0.7140114092904222,0.7810444117561259,0.4999273121356964,0.7666088297667245,0.8459132454300271,0.9136437698310608
70,91.69007103915415,91.92439862542955,95.5600918601684,93.70699361941699,62.73603082851638,68.9098998887653,75.22768670309654,71.93033381712627,70.31230712257745,74.14075286415712,80.57312252964427,77.22322189601289,61.87014703452833,29.819924004625804,5.4353213282669754,2.8746076325788863,47.74566473988439,14.990366088631985,21.541425818882466,15.722543352601157,50.32712010862856,19.985187013948895,17.553388470559188,12.13430440686335,0.7130564433636221,0.7784910710693043,0.49234890937805176,0.7623192596876806,0.8455449006093297,0.8929765886287626
71,91.37617710226334,92.94563843236409,93.79943863230416,93.37058674117348,60.46242774566474,69.73935155753338,66.6059502125076,68.13664596273291,69.7815084557462,75.83069620253164,75.77075098814228,75.80071174377224,60.730216421609114,30.645960680654223,4.609284652238559,4.0145382454981,42.273603082851636,18.1888246628131,18.34296724470135,21.19460500963391,47.32749043327984,22.454018022466364,15.084557462041722,15.133934082212072,0.7151312822259164,0.7789095270402387,0.5074717402458191,0.7538943512627723,0.8455948456697633,0.8991510162078725
72,92.21873451181233,93.14314314314315,94.97320745088032,94.04927353126973,61.040462427745666,68.95113230035757,70.24893746205223,69.59398496240601,71.84298234785828,75.42543458371455,81.46245059288538,78.32779097387171,61.490170163555256,30.728564348257066,4.526680984635718,3.254584503551958,44.58574181117534,16.454720616570327,20.077071290944122,18.88246628131021,50.882607085545,20.960375262313296,16.57820022219479,11.578817429946922,0.7259677035716097,0.7862561221049175,0.4923122227191925,0.7475708502024291,0.8480327889321746,0.9124431866906783
73,91.59094663803073,92.79618473895582,94.33528961469763,93.55940781981526,61.69556840077072,69.23983500294636,71.34183363691561,70.27511961722487,70.0654240217257,75.42945377340283,77.23320158102767,76.32067180939362,61.07715182554105,30.513794812489675,4.741450520403106,3.6676028415661657,45.27938342967245,16.416184971098264,20.115606936416185,18.1888246628131,48.240957906431305,21.82446611529441,15.714109369213677,14.220466609060608,0.7178898596649479,0.7817931322500693,0.49754390120506287,0.7461827646038173,0.8565296923384277,0.8835148500700339
74,92.00396497604494,93.31651954602775,94.41183975503955,93.86098427194318,61.849710982658955,70.44181705040448,68.73102610807528,69.57590657652119,71.68250833230465,76.45371078806427,78.99209486166008,77.70217729393468,61.12671402610276,30.877250949942177,4.377994382950603,3.6180406410044608,43.62235067437379,18.227360308285164,18.304431599229286,19.845857418111752,49.339587705221575,22.34292062708308,15.195654857425009,13.121836810270338,0.7361436520387381,0.7944286167077637,0.5012732148170471,0.7534027376132639,0.8546942113674957,0.9006231598204842
